id,month,monto_total,prediction
003d9abe467a91847d566cf455bd2d7d6c8f7e75,2023-01-01,500.67,702.0255232206928
0066f66c7fb0d1102f9f924a56ff65a5fcaf3cea,2023-01-01,2271.59,2056.0174564889817
0132462ee1acf1c37e7411b20bac94e1d19959df,2023-01-01,2276.15,1609.7598288281918
0172891ba3000c3150a6985265517678ebbf3b39,2023-01-01,1375.24,1107.2502467902696
01d12d1c5b58348995b71cf1d5eb9257fa64d95b,2023-01-01,2760.44,1834.3224697931857
0222064a58a1778a4d7a9e10088174a532e71553,2023-01-01,651.3100000000001,524.8415894503671
0225c1f9c7e66dc02b44b9a00cdd0fa9ba5a4c71,2023-01-01,1033.32,2701.6231283000625
029be42d942d33a14cafeef661143d8940a9efa8,2023-01-01,711.97,788.5386361134618
02a73132fe5c2af6d596eec88629c754d9e9c860,2023-01-01,73.78999999999999,96.16346387272388
02b41a28e9c440a28577c71daec52258dc817866,2023-01-01,206.69,339.4188703513824
03a0f8bca94b5801342b9b479213fc548b3f0dd1,2023-01-01,842.62,1352.9370228413688
0431ee5805e9638f3b24d93812182ec88d7b8c20,2023-01-01,882.31,805.0255581809215
0471167c6dcd9e87952bee4478ce26337793c07f,2023-01-01,339.74,389.1996696670271
04e15785e1f1d2a4893438cf2c5ec8036eea4e36,2023-01-01,382.26,520.3400751292934
04fd28294e679ea9848b3057862a6bf40367331e,2023-01-01,55.78,69.64717902374402
054be5f40d50b28d2b82af57159343989dd28012,2023-01-01,834.69,881.6984870309615
064a7e19386fffe76845c0af12b8971542af1270,2023-01-01,743.84,191.0126358844457
0686ef5970f3e3e29ba54c0e82c22364cb1ade90,2023-01-01,1261.33,941.6686929177978
068a3a4901e7819ac41bfd214b724a4094baa6fc,2023-01-01,364.4,611.1029483583968
06a11e73530670c0ab02598f0a621b84ffc894ce,2023-01-01,1723.51,1595.9901703112691
06ca5015907f43d644fd5a91ede20434f6fecafc,2023-01-01,1085.44,1040.9145966113958
06edf585cd7a632155cf063b328033ffbfa7ae69,2023-01-01,259.16,339.0428624179376
072b18c67074cbfff8122908e96cce23d19fd18e,2023-01-01,625.13,579.1823070180596
074d3028233af49dc2dc2b5ccfff0c960b91237a,2023-01-01,685.37,787.4405183520014
07dcc29c8538d50e2889c8418b62bde027b62425,2023-01-01,284.6,381.7464385467942
07e3e5ff90a36ec9826973b7cfea778815cd4187,2023-01-01,1614.9,3905.7127857401697
0802e55117a6dab8cdd7ddfe532bbf3dd900fd8e,2023-01-01,323.68,565.104047569497
08b58fa544eb71cf1fde51fd4ca077166653ec29,2023-01-01,946.8299999999999,707.408787457354
08c5a16957f74f2168ac2dc0af5623b621dd375e,2023-01-01,2119.1,1875.654635741143
08cc682e0ae51b9b193a51d81215a8290e38ae13,2023-01-01,765.89,945.6763000994936
095d37f69671480cb972a29a801f28b09791de7b,2023-01-01,1135.29,959.4206862557763
09b86636f4807823ff9041b427405b00aa25829c,2023-01-01,4399.83,5657.104370519861
0a5cc97f7cc1d44fd1a2561dd88fe20b754bb371,2023-01-01,1656.07,1888.6996020160561
0be4d7b035874bc846e23a579c637094a647b044,2023-01-01,439.49,150.02002347449113
0cddce87733ba0eae8aa52546a3931f0fc76e195,2023-01-01,826.53,1151.7119454592528
0d07b8aad9a390e466d2db0df72bf01e278c501b,2023-01-01,881.59,937.0897804966617
0d0f7fbf49570487b719baa9825e2813616b4eb0,2023-01-01,1277.94,944.313244768799
0d5046acc98a944a452ad463109e296e1c2b5ada,2023-01-01,1684.19,848.8819230935736
0d7e9d7ce47c82714b00162dc2aecb532461a373,2023-01-01,819.2,960.194656882712
0decc976b7210aff945d6f0726bc267319576fa6,2023-01-01,364.45,1058.7889245321126
0e04ea5c1465c0208e0cf169f1de081cdf1b2de6,2023-01-01,5793.4800000000005,7320.0986292594525
0e0eb9a364f2ebe899650011c241766b7c6ae7d0,2023-01-01,150.87,172.15544974678062
0e605f4ddcc29e333424991f6eba05e3faefe32c,2023-01-01,1120.7,382.06596043442005
0e88c6a4def87b721b3e87a13684bbb4b27bff05,2023-01-01,936.02,799.6344403076248
0e91fc4b2fd7104e53c57c2500fc15deaa0c335f,2023-01-01,409.95,815.1771798037148
0e9bb6deb8c8d03c790d3e661981fb8b436bb0ff,2023-01-01,1393.45,996.4982791121689
0eb9b961cb30b2201c9e515b2fbf4e146465beaa,2023-01-01,1387.7,1378.1583057145224
0ec221ac469162bba85cbd6a6ae83b73b69313e1,2023-01-01,650.34,551.9992393850481
0f4229e8187ec8827e8fab1519d9ec344013302c,2023-01-01,1210.87,1507.270195704448
10038dbad4635f198d7c48b8a75dec05b2d33980,2023-01-01,659.95,476.41495529788756
1011e03592e1268075e99ab982c66f9d03a61443,2023-01-01,226.14000000000001,186.13955541602917
10b8bcff4152f34cc185649489c19bb75acdd333,2023-01-01,1473.35,1988.695407704604
1137144400298dbcb716b2ddb2760991989015b2,2023-01-01,818.38,457.30925309124757
1149bab4e75af718cce2cdab716824e584c3d947,2023-01-01,891.63,1084.4297632806604
118b9c12c0cc787f35910501b6fc56a1044616ec,2023-01-01,2443.02,2699.4576647515096
11d59ef9b19a3dbac6b07b662e2b2357cab3ea98,2023-01-01,1064.62,780.1614044170028
11f4222f90ef9db317be7d3bcb386ac25ece3e46,2023-01-01,1028.27,812.5654114699175
12454b0533c41dbc5ec85d75835c5af0bbe80e90,2023-01-01,433.95,877.7766303551323
12c1bb7814f3b0cd97687ae3cc6411aa3fe8e9be,2023-01-01,1235.53,906.3769606505901
12efd2e563c31368e7fefc29459ebb0636f5c8fb,2023-01-01,1074.19,809.5901808182706
13242b4f5148c8c33d07d94dfe506e8af3fd51f2,2023-01-01,953.44,690.9865905503007
13383ebd8035511afaafc654962903d45856210b,2023-01-01,256.22,531.2095597566046
133a307602635e05dcca30a5efc0620eecb9386f,2023-01-01,864.24,1324.5086176748384
1369fc1f472280b9437b6e36e8ac4eac00dad607,2023-01-01,1288.05,1410.386420741498
13ff3a01d72cdb0a2987a9a327f16fc5cd0b85ae,2023-01-01,1090.31,1205.1142745847271
141c0b0efc67aa7c76a66820a8d87b13d189ab05,2023-01-01,2856.24,5028.958908556384
143e4963cd499b1b05b544cb791a821a01072073,2023-01-01,2510.16,1557.8152210674705
144d05fb17ac05c4ddd77797143fe5f19212575e,2023-01-01,470.16,331.7975010980904
14c945505e92346138e19910742be93a34fef2c3,2023-01-01,459.15,399.84344855522284
14cff7d231f81bed4d9cdb097afbbaacce2bb32b,2023-01-01,957.39,898.8519982603538
1504732b7781f3af8b48652861a1ea1e6ec4ff5b,2023-01-01,1091.43,1299.8736404243027
153a1e5622ee9cb2225b871bfc322ce6f2c3d91c,2023-01-01,991.0600000000001,758.1512067931927
155a6724b044c00b762c334737124fe4602cf0eb,2023-01-01,1345.0,3946.785006315058
15ab18e369a4046251d65949a3651db540d7a948,2023-01-01,498.81,1011.0212720625278
15cfd7572e402f7b5a63994d01ed4f3dc2f6ab5d,2023-01-01,1394.3799999999999,1400.594974672985
1622b0c47fa3ca8b8b8a0b54dfde1d479b35e1e8,2023-01-01,742.75,841.0691368958956
16f22bd5adee3d4b0ae41ae241fce1b66c4e9fe9,2023-01-01,3078.51,3305.4817985671616
175111c30e17b0c1751665678e3125c9d75d3d9b,2023-01-01,3587.8199999999997,3183.5803249944966
17553057673459a94adebd6b19bce398c1dd2e03,2023-01-01,1796.76,1956.8280580036871
178038e16a3c24e9bca0a9ffb60b43fb8f320f70,2023-01-01,402.36,547.8947401615229
178667f76d2cdac1d280275b655fc43f94c5f684,2023-01-01,311.92,369.44836510233284
18a53fc225d64401086c316fb899833b6d639c78,2023-01-01,1257.83,901.4931690127243
18bfa1828cb73a941d6c9baf3dfbabd4045bbb86,2023-01-01,2387.87,1938.6189959399792
18c6c39219059e0995200d725c4c678e22a8ff3d,2023-01-01,1173.53,832.2103503323416
18d833ac5289ff5aca27d7ca0cc710256af56851,2023-01-01,243.94,224.37339059070425
18e076d2bedd0c317d8c602959f19778bd80dad3,2023-01-01,973.95,927.8408888599248
19083d810e11d4b233aaf064d22d8f20a57fa18f,2023-01-01,550.89,278.66615563716044
193df2d347c800efa8441c7b2403271da9ad437a,2023-01-01,2487.5,2711.680192892196
197a249ecfa25a51bd904cd73ef77de4d0fa4330,2023-01-01,3001.11,2199.8498690906063
19a32480aa51eea09847e67f017a90e20df740d1,2023-01-01,314.21999999999997,467.4712299321187
19cc3a917c08b1732559b5c1c556536626015bd7,2023-01-01,1382.25,1283.2893172567872
19f23ae495f6fd4277519a2e6eb30f0b24d738fc,2023-01-01,626.2,535.7428409218943
1a05782def66e1904c5dd40e255e21c4fc0a50ac,2023-01-01,1627.5,1270.4452931119258
1a1c25c15158fe5805fbfccda5f8181f0e2dbac5,2023-01-01,3295.79,3244.4911646680475
1a1e6dd25a72cf135502784109332810479e7724,2023-01-01,341.07,277.42099532163496
1a5cc11faedfdac87849732ebe75c986675ac902,2023-01-01,721.73,815.5654099552604
1a5e832262f8bf6e6a8b42b1d1ab4e25d46fc264,2023-01-01,1293.26,1182.7348416974535
1a9868a219eba7b3133c6e8c7a9ff6c7f274674b,2023-01-01,2304.93,1204.8183424909753
1ab24287f57b19700bc8dcd3f051c8b61583f07c,2023-01-01,1954.71,1386.8022099812952
1add80fc61028f13c3b6764b8b68e61e6507fbe9,2023-01-01,367.64,1213.798938300187
1ba596b3179a3d78e58850f5e3bb8fb7957dee11,2023-01-01,1601.4099999999999,1852.356968385635
1baf880d1068916c6a97c1f9f1e1a4992c112004,2023-01-01,1282.0,1256.5020365508133
1bf032b412d043f50f342abd63caf32c9ca8b216,2023-01-01,1171.6399999999999,895.0940864132185
1c0a4cc1a30a8fc039ba60edc6daebaf680c1c6d,2023-01-01,20317.079999999998,10946.798776827824
1c1615b93647941594a95c18bbb4e7426663cd35,2023-01-01,772.74,1154.848819452485
1c43f059bf1be21b3d5335fe526edb605441b279,2023-01-01,198.57,196.86973120709817
1c58aa6f46a23aa04f494de78a4a0a327b343482,2023-01-01,1981.67,1966.3041391115592
1cde06e09d2a9424bc7a0b65baaa91fef40f9c57,2023-01-01,882.71,1027.9820203013862
1d57db78f59d7bf500c0f6cb1ceb5cd1258553e4,2023-01-01,917.08,800.5399393633207
1d7e06fb4e56e8479947a885f433f2d38b83b08a,2023-01-01,2732.58,3011.8830097955884
1d8f54cbb7b5e2f80343a025c1122019ecebb33f,2023-01-01,2600.67,2139.117925967164
1eb4fd9176e9e8f30737349e329b421f7a0d138a,2023-01-01,773.0699999999999,1683.083105925655
1ec46b0c54a296addafefaf286c1059d0d65596b,2023-01-01,1232.77,1417.4904672355774
1f198781f20d59e1bef4e4ce6f17c332e384a6c8,2023-01-01,504.63,536.7214613314164
1f28ccc615fd3728b28b03270fad3515df299bde,2023-01-01,477.53,401.22052070651614
1f44a491bb83cf8201accbe64e4044edce21644a,2023-01-01,1584.99,7070.668196695793
205f300d7419d89f8b0b8d524ae98b069a4e6b9f,2023-01-01,326.87,247.5840822760612
20c35f25b3b6227cbd5e2a34f6fa5e593bbf349e,2023-01-01,357.15,330.6768448222061
20d7979a08e914f774e4ee0582e9c52610b368aa,2023-01-01,629.9300000000001,589.7791362174394
20de823b21be5a247d51c93ba27258cf36e6ad6e,2023-01-01,442.26,580.4219564700336
20dfaed3de03dc36d646ced9ef3f3107135bf261,2023-01-01,316.64,1095.8420029117651
21482b6be8d84111b1ef25f2f248b12833c316ba,2023-01-01,717.6,571.5578119670874
217e3f98440eac6df428d352131e68af76d84080,2023-01-01,210.6,229.9054092009179
21a634e5c4dc9c243a5d48a09814b55da8695048,2023-01-01,1957.28,2461.400261713015
21b2406ac19e643f6875f4a895aa44df537d4dc8,2023-01-01,839.24,671.7729283340472
21edbd2c54a64bcfb9ad0226eef2cdf10b660d64,2023-01-01,686.68,1207.8207091336944
22da312490a4c7baecab07d8bb025504dac58461,2023-01-01,1444.38,2035.4790684833458
23024a49aa80c0885777892528f446c9999b584c,2023-01-01,1065.17,617.3456157094303
2303c8a4a887bdd51802cefa99536766bf3de584,2023-01-01,274.09,644.7232264158108
23b4e6e36404db8e6d71d31d60512f26acd785e7,2023-01-01,806.59,424.73914539382423
23cfcad88d9e8dd7a03532256a62af5196887dfb,2023-01-01,595.48,655.597067660293
241250af04d9772831b4b9f6d39d311b562f2976,2023-01-01,5720.7,6427.034350718282
248ed02cf2aaf651bec13d4560f4eea3e159bb2b,2023-01-01,1415.76,1127.1452859383357
24ab4d5471cd5dc3ea7c448f48d4af894996c9d6,2023-01-01,1267.95,1013.0386989427245
25a5b5f5cdcd75129e80d9b267f309eb720281d2,2023-01-01,888.37,1419.4444536874544
25b4deea3e686cc2056b3f5e5cd6955b9dafa4fa,2023-01-01,660.21,746.0244880466206
2645c45560663c2aaa72b3dde41c2a0f773707c0,2023-01-01,692.51,918.39481962818
26bd3b964d3291294d0420e2fb8f3b6bb0710e07,2023-01-01,2793.33,2620.954413762035
26e6f432359c188d9a090fac1d70ec2ededb9a18,2023-01-01,626.01,714.0726970774331
2727b75e57d0da973bdab1ef3a8920f051304214,2023-01-01,712.49,1313.1290450316503
274c51d3abefa1daf83dca06579b138da2df6e7b,2023-01-01,197.92,87.70103206700547
27727d01ee4cf82c3672eff51d5b9f5f74bbeb59,2023-01-01,653.39,509.32475533404767
277b819b9d6259254f3cf2044ca41bd2e8022e64,2023-01-01,696.84,795.8227981866567
2835cbd471a6385d418906a3c170e77585629388,2023-01-01,1283.29,1147.1084311507332
2866a43d62f992328f063167fa2daa8810bf94b9,2023-01-01,449.3,465.6514176888606
289d2b963afabda42dc982496ade21528d9f65e4,2023-01-01,2356.97,1901.2489785131152
28a3eff389a45a7a97524442728afe0bd4e0fa79,2023-01-01,1183.75,1250.511894265377
28b25d8e7386973d2f37a308cd998baaaadd94b8,2023-01-01,546.33,890.5866886932525
28be368eb32c6f0d0678f565aea52b3514244184,2023-01-01,555.59,644.4849538688303
290b6978affa092119737bfd95e47c2494de946f,2023-01-01,639.17,669.7011048751938
29479889c8261b0049d9ed7a9b938d2983b15995,2023-01-01,811.02,986.3183588855634
2966b3f7fe735ecb30e21e1a747a616bd84c32ea,2023-01-01,631.73,836.4583589629599
298d41a93ab1b0da3975e94d3fe4fa179b147ac5,2023-01-01,1321.76,1243.9708746269346
2a121f5823747346124738360203b75cbd14c141,2023-01-01,290.19,454.0646626206283
2a1bb0006a4eaaf1678eea5aa5bfac1d68b5a2f4,2023-01-01,1056.96,974.5169560799135
2a489f155f62e3ceb5a75e08e8c79d9506816a2b,2023-01-01,1447.8100000000002,1202.3050536023509
2a892caf801d099e30e95ab6cf01fee49e69d126,2023-01-01,252.34,333.8473673963191
2a98cd9805e79d84f8577368ae2bd34b20cbb3ec,2023-01-01,363.09,314.68305767758716
2ab0ad212f835d4a71f24814cd5acddaba23499d,2023-01-01,426.76,434.86053621752006
2b123fc6b4d0f90d942e2a59f3973d05ae9f36e1,2023-01-01,854.18,717.6148024967307
2b23362864745ad74a25360f3bf4eb12b6eb69df,2023-01-01,229.1,234.24137785755804
2b27bc3d5579686feab6d4f412a21c694681147b,2023-01-01,504.95,794.2502688448927
2b733723272ca45f11eef580b30bae4a379242f0,2023-01-01,250.54,449.23763626083996
2b9bd1e760a7b21b7a68a48ab066f57178a3c2cf,2023-01-01,1283.67,1208.4962534900278
2c66d7617fd7f5ad2e1186af9fde8ca68a5050e2,2023-01-01,155.4,162.07973171006336
2c6a51fcc4a389fb2254acb8475a565ab3112bef,2023-01-01,1189.42,1908.026467896103
2ce291738ccdd8f357af2b3200e839d9bf417104,2023-01-01,480.78999999999996,547.8947401615229
2da57c64924a452d44912549aaf5049a3bc1078c,2023-01-01,1260.74,1812.2640388273169
2e79cd99eb67ed7dfe1e1e7ed8df5f967213cb7d,2023-01-01,2168.15,1863.0141149786446
2e805f79e201c922dab7aa73675e897968bda688,2023-01-01,1681.05,1340.4385904721514
2ebcab73eee822e30c5af5d2dd7527b92a41ce03,2023-01-01,152.23,102.41302417860408
2f4c767fd9296bcaa291aa89f114574071ffdf75,2023-01-01,3164.73,4012.9153863938936
2f5363950dee195b91dd681977fde5d159d87b94,2023-01-01,1862.44,1523.6835761911668
2fe5f13355786ebb78248c88693f8af1968b781f,2023-01-01,700.26,846.3705186085881
2fea6edc37f37e96cfd44aef71f11c98832128dc,2023-01-01,819.71,682.7645889309941
303d5c632f7601e1b111c363a7e63caba936c1d7,2023-01-01,171.44,173.6522107718714
30a316c5b7ea8b5e738d46396bd50782e4622fbf,2023-01-01,1562.8100000000002,1869.3426917169872
3120175b663c09d1900a0d93ea425409e80d9065,2023-01-01,2051.39,2855.243953242909
318aa1bb8b74e7a29a048648e962afdd4754e21d,2023-01-01,706.26,814.6621139767769
3195d197ecc32f99ce3853370c2c84c77ed37602,2023-01-01,355.06,644.841812263935
3225a5d0b592b755e07a68dd202b9d792f62174d,2023-01-01,620.35,764.2601597783957
32287a982f01844ceed614cdcbd5595c839c0faf,2023-01-01,5613.81,6031.556604989449
32bb37811d4549c0511c5a889b661574bf1488c0,2023-01-01,3112.07,3863.264987433531
32c7ad9e633961d426161e9d5f52d69d693ad2f4,2023-01-01,1293.33,2298.480111861583
32ed85f39b2139c857e227d25c39fcb8a5f2d526,2023-01-01,768.71,460.4774846897436
32f44973d9d60ed8eba7bcb021509b60816148da,2023-01-01,1509.55,1533.8952906499537
33186fd11098854178144df7bc06ea95555f9f4a,2023-01-01,532.04,994.0617184440945
341cc326e0851894259d1e0cf0054966906cc8e8,2023-01-01,976.9300000000001,1357.6061883028942
3433c69c3b6173040c4194ecaa58eb0158aaa89d,2023-01-01,1571.48,2194.7200674714077
344032a8e94b3ff15278639d6a8e5928673b1e0f,2023-01-01,354.49,389.5453559055816
34c0a2a57f819002672a6f2865482b9a775f166a,2023-01-01,2206.72,1961.6945706788147
34f4a11f23bb216e73953628d530d015823f73d3,2023-01-01,493.03,935.5515894409338
352f6a15a062b6ec9c5ebd1be3df144e523ec97f,2023-01-01,264.45,307.6660606033645
353dd73d7b23a30d6b0543994ba860df026d746d,2023-01-01,624.39,856.6188869844791
3545165fbfb11219f2c13a61cbb49862e6d80b19,2023-01-01,732.62,927.7014915091784
355af65b99244316bcca3eac93108d4c19a55d62,2023-01-01,730.86,971.3791248557965
358fe11607f50f65f806bbaab6fd6fc35d6a3e04,2023-01-01,590.62,713.2006614740674
3596b650a387497b3a18abac53151060e29bc4e8,2023-01-01,1137.3,1376.3678958443522
35b952a27bd455afcd2546744cb6797729e37dc5,2023-01-01,1588.7,1471.48040826014
35d11a28bedd333dd4abd48fbdcdda0199f12462,2023-01-01,1477.6,718.1826444216913
35e8b5181a0ae32220502065e3f8b2bfd3eb591f,2023-01-01,552.51,671.5645156630662
3664ae66cfd5a77a5a5e4222d8baca2b11a5c4cd,2023-01-01,712.02,685.4471598233279
374b3864a8a4ec45274b95a538b472ef639dc4b5,2023-01-01,1000.58,895.912282391009
3756fd30f780bb371da21f6233b2813da6a66f32,2023-01-01,656.1,912.1561312579091
3762a6dd45bab32812ba11c819d1b9cc19e0f30f,2023-01-01,2529.51,3842.5879136549815
37755e3aa8941e5d997be23a564e70abf662ee72,2023-01-01,233.94,275.127060880728
3775c3afb11d4353bd6b970a5493a547fad61052,2023-01-01,678.74,920.0970478753601
377640923c35f16f528ae1f4d79b180da251c473,2023-01-01,3509.07,2794.9310956351183
37aaf035fd76b624c4b4a07f3d50db3d4e00f577,2023-01-01,356.7,182.38436427563164
37ace794f7017a06963b6fb9b29921cb643a7859,2023-01-01,893.6099999999999,866.1452511678297
37b99d7377abb8aa359cf93f293f51157146e178,2023-01-01,1169.03,1150.9070740530356
37c63d6e78f54e563cd128b18a20ff3902ee58b3,2023-01-01,97.42999999999999,-297.18570941226085
37e36e2ed1a39404ce9270b3f564cb7afa4b4b8a,2023-01-01,542.37,445.08771350596334
38490bf6b01a57eabd7b2a88b2cd9c6319763eff,2023-01-01,618.79,836.9310297875904
386255abe482617ebf218e408e292de68bd3f560,2023-01-01,728.16,849.4052703046879
38aea4f15b9ddd201ad4126c09ac898ff4fa26fd,2023-01-01,776.7,637.242543060109
38b0999e7b5a863f9147e1454ba8cf07f7e2cd27,2023-01-01,971.23,719.3176949191934
38c9bb1fe98f0cfbd772924a967712e29fdbbdbd,2023-01-01,363.54,381.52664766334294
394e4fe69a80610192d1ac79396a655e45e0ee03,2023-01-01,1177.76,1222.7210205199217
398696bcdf31c9de056b77ef87589c821b116421,2023-01-01,894.25,757.8325212435111
3a2c0fac2cc14d3f611032f8c3332cc276a18e59,2023-01-01,691.85,849.205900815538
3a3868006c53ad90f3f0ac309c7bd3e639a23719,2023-01-01,187.59,627.486435165672
3ac25ec7fb34ad0b2e0a19522a5e254069d5c491,2023-01-01,1694.07,1760.9309992736491
3b1632817459063f443f4810f9d52f9bb123ab23,2023-01-01,588.44,1112.8369916238842
3b669d7cd84b5bd588be7ade333c29d72410d121,2023-01-01,552.29,740.941765043285
3c4cebcba30f9a0dc73f49f5b17d2bb929a88825,2023-01-01,1651.59,1381.5874742730327
3c5fb898e8a5123c63af7e51eb27d9bbda356db8,2023-01-01,666.63,817.8334939458074
3c63627ed53bc80ef0d7de2d467e8eaacec57da1,2023-01-01,1824.23,2190.6493604403577
3ce3315c1f07d644eb1d84c7e29e8764c10049cc,2023-01-01,864.42,527.9602159254757
3d14b7dace516a8fd9e9b7422ddf86d67dec31b6,2023-01-01,24.04,116.10990120088476
3d33532de3286ac0819c37ad3572a771752574ce,2023-01-01,1577.4,1362.4245006301528
3d7a65986ee6b363e6e612af32d2d98b611e4345,2023-01-01,2118.63,2054.3885411461297
3da0a71095f7e73245688514eeda93c83a4f1c57,2023-01-01,1618.78,1178.6982342184083
3e05d1777c4db68a7d5cf9fdff1b53c60aaea397,2023-01-01,937.11,969.0627210943395
3e2d00321a3cbae338fc3e44f42e6af8b2363332,2023-01-01,927.26,1463.3543619255183
3e5523a1648b122d39770b1f8b86751b94bc9ad8,2023-01-01,773.82,1063.4847730254874
3e6bbba854dec9e883e941f4e58f205093a9c738,2023-01-01,1117.01,886.3496256645199
3e86f3f66a96699fe2a84164892b66138b87c333,2023-01-01,1888.66,1931.0459117042587
3e9ada6f9b7ad7eecc35e2b9bca3e9ce55cbce0b,2023-01-01,1388.24,893.7217327169546
3ebcd26565a0b8dd51f3a0025d8a407ca8bb5b9d,2023-01-01,452.49,766.6817269820053
3ed9552b66e7243337c06a814b9cd179ec6a6b2f,2023-01-01,636.55,637.7615645985311
3f18c3fb11f0d8f9a4860b2de8b537c85f2ed34c,2023-01-01,1401.49,913.3936781074099
3f3a1ffbc6fe6d883901593fdb2a6f1334bfe822,2023-01-01,667.9,2049.9940476708884
3f5c32606f0bf3e25ae3c723ed58459b41c5b474,2023-01-01,1246.55,862.3959468754024
3f807aea5440658d4f81d3dd13149fb1074b93bf,2023-01-01,974.94,1149.8431360504449
3f8cbe371ceb2e4c37ce75bc04da6f47a7919c1b,2023-01-01,796.6700000000001,1010.5351143989387
3fb5cbc62935f4c3ffdffd687d89dbee1e3ab033,2023-01-01,5409.27,6443.465804364149
3fe4f68c28036aa4b14033bcd4fd8d3b714248b2,2023-01-01,6492.5199999999995,6435.358196390033
40227d8067c3d0fd6cd1d6b8605cc310bc72692a,2023-01-01,1462.51,1185.6051578926533
4036de168267e3e8e12ead8c8d7f8181fdd8fe62,2023-01-01,870.78,609.2210909476643
40d7fb86daa5fefd3993e7146dc9cd6c4d2ba01d,2023-01-01,3772.8199999999997,2901.536858436799
41fd688494d0501d17690da268251cca0dcc5ad9,2023-01-01,1195.09,1854.7257381869906
42002c5946cbbb31b3aed033fcab553d27cc5ac9,2023-01-01,502.21,552.8304759642514
426ac9bd3514ee180c14dd1e9485af456a05b620,2023-01-01,1346.94,1849.1650649074588
427f0476fdcba1c99780578471e7d046c87573d8,2023-01-01,1805.94,1474.7936901099392
42b33cf61850dadc4044d3cc852ce9982855afbd,2023-01-01,587.95,958.6978958576212
43413dd6f7abc3c23e31d06a5d098a50e5520367,2023-01-01,688.97,5454.679830560863
43b6a6510cb90e1bfc2d976b1ee1469fcec3d561,2023-01-01,2212.36,2171.469198364915
43dba034ce6758333b76ff8f419b3c3d916d426b,2023-01-01,8186.65,4754.786116109217
441375fdce2120c1eb5d3704973d860c2c89f4d1,2023-01-01,417.58,489.44119046097165
441b869ba4a443853d3561adaf7c7b2fd2d1ca66,2023-01-01,2062.61,1663.0083814567506
441dd4effb6a046df1a043cd500fa0260caf1a48,2023-01-01,610.26,720.1072723809517
441f2f27c0a36e7cfd332b5d2dc46d71bb6d4f2c,2023-01-01,601.5600000000001,735.4465013360888
4435faacceffbed4c590f67c21553bc144be51a4,2023-01-01,17788.48,12108.65803539219
44ea32e786c5b1a999f6421611776dc2d32df657,2023-01-01,889.13,1150.184147034499
4547dc376e7d4d3b3076d887f6389c0dfa1ca6ec,2023-01-01,339.32,228.9823705941118
457838a93f97361ca8509d67bc2781f66798f284,2023-01-01,1911.7,2030.627925387952
4582b824657edfc5d98afeed18cec862eb7529a7,2023-01-01,2123.17,1971.2485237181718
45bff3c73e358645915f680f0222dee6bd3fe290,2023-01-01,1179.68,1334.0199560902504
45c81f79d6873b1671aeda04d3e149215a9f9c11,2023-01-01,862.63,659.9242016810127
45cb1289154caa36007035b575f46a9e5b7fd6e5,2023-01-01,1146.67,1914.4526743755182
45cdade2ddee87bc96f53056cdb7032eea8d19cf,2023-01-01,374.07,323.8174011448934
45dd96a1dc64e4185fbf83e4948e33ba148cb45a,2023-01-01,365.16,837.7644025596746
45fdcbdd8d356352a34783d2ce822cfaa08f7d8c,2023-01-01,3577.17,4409.927314457126
4667c76e03053ebf9facf3a720ce8864d6053aff,2023-01-01,608.62,712.8873179642897
4729e04295889326113a2074dd1494caec2bde03,2023-01-01,1071.55,984.6278065814544
47a520dde89eb786e98eb62dbb5f2c3b4de767b3,2023-01-01,813.8299999999999,549.4738584121588
47c490f06e223cfb0ca22a4ae1c2036a34b28257,2023-01-01,1456.91,1097.4284569456524
486da6137f763fe25d2e1f0a6c350643beca4749,2023-01-01,920.86,897.7077514883952
48727f042c4ef97e85d65fc0262b741536b9259e,2023-01-01,591.45,514.816226693984
48a4e33204d499333c4b8d7bc8fd4ef6433234dc,2023-01-01,1678.78,2400.1829554264586
48ac89a09a8508ea30d855fd22439b1cb17cb8ee,2023-01-01,375.2,578.9915566094495
48e8fc0846cb550c3a5c5781194c09f7b16113b7,2023-01-01,369.99,442.3030840927557
49059d4098a967e6c85847cc5cbc80116edf747b,2023-01-01,3173.41,6615.917610507248
492ff1bca04fd6a07159f051d755c80afc8aaf72,2023-01-01,360.08,281.77108355295604
49343635f2b799079125ce396a395224c25deb31,2023-01-01,972.45,980.2890840092624
49847c8161c002ab10b7410254ac2200b3eac16b,2023-01-01,1092.01,312.3136425037263
4a0e9c1e7d21dd894cd6b6439e6048ed03dffac8,2023-01-01,266.75,338.7747256146738
4a0f4660bc8fbd1f6601df793519331fe13f504a,2023-01-01,865.3,741.9397457681487
4a2526b517380ba069219095d6b91416a88e6b33,2023-01-01,1534.79,1425.7433200641703
4a26b490cf30635ec1cb408f5a8de1c12b31ba79,2023-01-01,2883.33,2173.5085863736977
4a2976ccaf7d5784746167815823d58926397a7b,2023-01-01,1632.84,3929.704757013571
4a3f6cd27b2954589501feb2addc54d50426cfd6,2023-01-01,512.16,350.5887607852347
4a6b436f751a3e0826111df83288ac4a15cc8a7b,2023-01-01,1048.3400000000001,618.22720595884
4a6e530968c2d75bdf953536dffc3ed73c171adb,2023-01-01,1940.31,1749.4956384104596
4a7cd56a461ceb4c12915cd95e9b58cf7884f282,2023-01-01,3113.88,2995.322737970726
4af6fd2d4d5c1f991bd9144632f632c9e851aa6b,2023-01-01,700.5600000000001,320.2413648062608
4b10ebaef71314dc754488bf786c921bf75aa725,2023-01-01,704.34,619.0319218336641
4b5b6bf7c0d0e616c648f9d6ba7d50d4a3f87390,2023-01-01,1362.57,1542.9297023304362
4b787ea38cf126633eb1880f5e9673d54a837141,2023-01-01,1607.13,2589.40974389066
4b816cdebe3975fb67dc6dd74a2b0de13b285b42,2023-01-01,1883.1000000000001,1914.6630195462435
4bf2cbca467dd940c19760d80d739863f13a17ef,2023-01-01,1243.06,1122.0184863538407
4c1231468e83b7959ee95deed556f41949cdba0d,2023-01-01,420.89,246.40322022744098
4c160a10f895ff988769ae6aefaea97ecbe9a1d7,2023-01-01,513.81,285.508407140873
4caca0b1d0dd8ee18ddaadb8f0bd24d0e0bc335f,2023-01-01,483.55,459.18703163735887
4cbf4e94b596d96716e6a390a9bc1189b7ecb972,2023-01-01,248.21999999999997,463.21985614716044
4d40d038acd2fa1f57541be2fcf9a478de534481,2023-01-01,1724.45,2639.7383664048316
4d989a78ec9de4008303d3a240aef3e1885f2595,2023-01-01,258.29,413.85830233282314
4e1c8e94b71869409b89de7d0576e8d16d7ee19b,2023-01-01,1541.73,1635.1939221893217
4e6f30dd103c6e6e0722ef129463731309308108,2023-01-01,1832.6399999999999,2167.769577651127
4e83b06a007553730d39dc39d2a99b7a60c440cb,2023-01-01,400.19,601.9945681429474
4ea9e44e95a10ae2aae43ff8372c5b92d0e53329,2023-01-01,2825.3,2477.184529068569
4eddd025693d96ac3024e78a6c817343ee0a0872,2023-01-01,535.46,510.0025537121037
4f109c80e57a49012f30bfe0ec2d0b40f1a2511b,2023-01-01,383.59,553.7777706684615
4f17b34cc13c2d6b2902c62f65ec8fe66e7800f6,2023-01-01,277.34,750.0809452195521
4f502fcd480cff83cacf8225818c5690f836493b,2023-01-01,429.93,717.6148024967307
4f54b58cd8248a48a3699238ea8ee24ba20c6131,2023-01-01,1582.88,1877.3643202216945
4f6a1bd3fdafee22878416ecdebf3f4c7fa47865,2023-01-01,516.65,593.907762205534
4f84c820677250929c22452f462d208dafd3ded6,2023-01-01,1356.17,1958.8177056640886
4fa2a481e598fa02b42dfcd8370c7c2e24dca5b1,2023-01-01,761.61,464.06868007328814
4fd1b99d3b69d6cab1377b24ae4bbe937ba452c2,2023-01-01,132.22,172.2422765628678
502c03007400c58500c3a69601353c86809602c4,2023-01-01,1029.66,965.1364258980424
50455a1ab19e725b072401133069e4c450776be2,2023-01-01,220.99,286.75297875031004
50b1293709acd5ba3bd305c4f419b75c2304f9ac,2023-01-01,1265.38,1530.507382584105
50f4ad84e793535b162be0c9d2bd7f23b154085a,2023-01-01,628.42,610.0271890968199
510c541570e23102a11c027b62eef78738939ee1,2023-01-01,1673.52,1612.9623882692483
512c437bf21682a382869484f58f92ab1fd0e6bb,2023-01-01,1252.2,1712.5293061450845
5138254ba584a827b3caf416b3c0472176be3113,2023-01-01,1131.35,996.2739847655573
51730a5cc96915dada5206855d2cfa91e2bb823a,2023-01-01,1755.4,1363.8016651140626
51a5645ff179e89dc4b8a1ffb35d333370f2a3b3,2023-01-01,605.0400000000001,321.916228929287
51c820a4a0e9b91f126be43001bf29d653ecc050,2023-01-01,593.43,975.9159546742286
5239917775b511c0ee7410f759001e1ac6c23f71,2023-01-01,831.47,1426.8181815579503
5259c58510da270998a838f74420a14c4326c218,2023-01-01,1631.8,1026.240636946352
528f934e91b5c7a9532f4fdbbff6d73ee033b91e,2023-01-01,892.52,1319.6724070742644
52b2ac1913f4543aaeaccdbe4f67bc8670c69c28,2023-01-01,514.12,97.43617500289808
5337e135793c689cd42384a59cfc0734e156a0d4,2023-01-01,1640.67,3814.0567582233944
53c5d5991983d7d0e74c81a03849520a99c251de,2023-01-01,693.23,1011.406848579126
544bb44ecbbb710250981e155e9db7641ae39747,2023-01-01,1148.85,716.4125219301217
54773f79f1adc259627fec9c8946e7ca7369486e,2023-01-01,843.6899999999999,1144.4667669243158
54c8aa271b50852a0938764fb491ab1cee075d23,2023-01-01,1173.88,1333.986666740157
55916882ee476f1d3819d121946ea97945071324,2023-01-01,527.3,685.7174636494913
55ebf10b7d7cc89cb08b6ab9b4bd12fc7b4421ff,2023-01-01,1214.78,1092.9391509951859
5618afd60ddac119b5dca08494289782bf117f79,2023-01-01,443.31,331.6145110431228
56c6c0ba18cf03053ac17069b809478fea1e0923,2023-01-01,594.31,1034.1284449854845
56d13634eb0ea665cda6e66a2a4a58c4f4db6f38,2023-01-01,349.94,406.34921413374104
56e8fe4162363467c910e0adb281201068886b5f,2023-01-01,1481.1100000000001,1136.8615038648952
56fbda0a3f6e0a1f390c9de1f1aa0738598ae3cb,2023-01-01,1496.69,1137.6916495317407
577070ea216d0d3948df5eb039eda349d4ab0321,2023-01-01,595.45,478.26446696309955
5778ad39323391645600bd6b8c8bf50ea9e0e979,2023-01-01,1359.61,1731.9999230766648
57aa0b3f964f3a37538e7375743fd1640e5a2991,2023-01-01,1077.79,908.3641348238443
57f5e3b6f6737f9a588cba70555b539725a41a6e,2023-01-01,700.4,713.7481220487924
582e15ae35229c32efddace056a2fbf066c9c2b2,2023-01-01,1079.28,1864.6625193391992
588549b1f3fee81ace48f0bf69007bb8442179d3,2023-01-01,495.37,537.0290436137478
58b29cd6b54a7c9599caab6f1b5e566a4739eeab,2023-01-01,878.99,692.8119412031776
5925f7858dc4c83cab4238cab7af5d7645f50ab2,2023-01-01,1482.49,1502.7917282855915
59268d018f7fb81b192432101bb54feff7954444,2023-01-01,1336.43,1705.2678390317205
59463b72358b88a519d47fef01422dd90679d478,2023-01-01,834.04,826.0957012188923
5983fcf00592189d319fdc00afcf0f1e6b2e5e19,2023-01-01,799.46,1098.233312482597
59d1d22e6f56b6054b043217a7269cf44444d32b,2023-01-01,964.65,947.338618969
5a098061ec5dab14faf88d82adfc546c767425b3,2023-01-01,914.86,1336.779138943022
5a1c6d0a09d4fa2fffad2c2f13ad73960a0f9c5e,2023-01-01,996.95,860.4605233558433
5a31e1c2f2dd2a4443f0edd81e38dcd4e63006a5,2023-01-01,475.06,392.2613396749298
5ad912a1ee6a03a1aaf8c25b3d55c51cfd6241e9,2023-01-01,490.19,891.2002823669517
5adf10c192a046977d4c9b3c7bd647e73e5450ea,2023-01-01,370.19,574.2853052115909
5ae12c63593f0c14c4e9d5b834d036ed4df3f891,2023-01-01,690.4,576.1587385154977
5b637354ca7629bff586b749cacd18bc9f8f9c52,2023-01-01,159.07,174.81910493339512
5c116b0c425ef3ee1e7198ab237b5fdb588cddaa,2023-01-01,1031.45,1895.7245746326203
5c6052ff34f2bde4660c30bcb145b6cbd48494d3,2023-01-01,997.64,749.1217675901161
5ca76d6884d5858a28b3a1caea6590a4c1dfed68,2023-01-01,814.49,621.355239194904
5cd9f234bdb43ee6e181b5dfacedbb25c882504d,2023-01-01,1620.48,1570.161333528832
5ce61f3272e048d597c4c9542d5749292ca8a582,2023-01-01,1213.85,1068.9257931538918
5cfded7fb07a99e6f110514fd0621a863c41e6ed,2023-01-01,655.31,389.5048261019215
5db18df3b6c2333b245348535b7a4da1ca0bd2c7,2023-01-01,426.39,260.8713555570458
5dba57234dbf108ff3545c01a3192773e57c9a54,2023-01-01,159.04,1205.22659316625
5dea7c86fd7d3f666ca9ca33c69f009c78a61f33,2023-01-01,1186.94,1202.7178975894617
5e19d7b6df15f3d7f96884b866a465f3101aa88b,2023-01-01,2319.75,4000.3063658714873
5e762559eef3de0ff32496956bc3a2c641a7e66e,2023-01-01,794.33,718.9784323217431
5efc680347f3e792c759cc5ac43f26bc2f854b47,2023-01-01,188.52,211.75456712000639
5f3ca1eb354ca3f34b7044ba6c057a876321f948,2023-01-01,678.65,251.38016419761752
5fa9eb49fd77f4a1fc71dff6ab89eefd137e5618,2023-01-01,428.37,388.94854330338245
5fbdb84f345421d7fef0d0e939fb6306a11a03f1,2023-01-01,1115.97,1048.5982592843395
600bcaaa54e4b062801f7eea3f08541e97ab3dce,2023-01-01,1021.1,1007.1326630724241
60398bc53e92ce190ecfe6907e0e910f6585a21f,2023-01-01,630.94,566.9210774207017
60505a2e68c462e2180228e350206fb42cb790f9,2023-01-01,1887.21,1328.7924124567999
6060e96f58a5aee6415dc8171bf8541c525cea03,2023-01-01,1041.07,971.7955884808764
608a14981bc11bb66ccaadcbeb5556ec6b53d9c5,2023-01-01,562.52,621.2398944005864
609aacbc80e6a412b16e029c2804c1a47b956240,2023-01-01,1380.08,1251.9758377962723
613358fdbef3c34dbd3ac1c834611a1d959d1c38,2023-01-01,1420.01,1203.037936761094
61b7163fbcb5a1fab255dc4df4540e01ba0ddaeb,2023-01-01,990.14,917.9509913402565
624c87e12625d87c496e2471d8ec32deaa9454a8,2023-01-01,1053.59,1012.4561325265106
62963834e157b2e52e0db4f39171a160ab243f30,2023-01-01,1706.18,3031.2700171500514
634c4e7c1c9666e5245b1dab2e69a3966a93a55b,2023-01-01,2465.07,4985.729982716066
640c59598173b1b6fe6fe9550f16973855a22a7d,2023-01-01,728.26,556.1382006356063
6419c03c1ab2381fd68697ff83da7f70598d5de3,2023-01-01,2204.31,2573.578397762666
644882538aa1b17b4efe866984ee11b4e410534e,2023-01-01,1249.06,2802.2548074783144
64a7a57c252f948951f82e3b89952e0f61f6d165,2023-01-01,1994.8600000000001,2423.8452703996377
64c5cd406031935a766b57fb3deaf671b5e71c6c,2023-01-01,550.79,762.5856498806673
651f696b6514773a1834acb67c6a6aabb914dbb9,2023-01-01,879.04,1189.7171780071988
65323a2f9344e7b8729f907eb525496475921b2a,2023-01-01,407.42,404.6896307961269
65813aadc475199aa587b2f05bfd4717804d5df8,2023-01-01,348.55,664.5134878534935
65c1a2b20b4a5e9fec098bb405833de299641f17,2023-01-01,1710.28,1981.6491052318295
6629e1d49065d23e56826a48d20f04a3caec35c6,2023-01-01,264.33,866.1320237298669
66514eb416f23a1fc96ea886ed9013f1d7e47576,2023-01-01,509.39,462.60897577429955
668e5be4b1de53500228aeb3ba676fd35b41b570,2023-01-01,399.84,392.7490127172776
66ca0ecdca30f41c8f280c7590d1395e4f465510,2023-01-01,603.36,454.1659711114926
6714ccd4aa5663a08a8d0b5cf555616b09c049d3,2023-01-01,309.14,537.188937143487
67e2867c6c43f1586acc2b898047e81ece71bc38,2023-01-01,337.3,904.6303541609199
6879453455342d5d2eb3b21436bc1807c3018f33,2023-01-01,350.39,402.5232315317827
6895dcebb7d7daf7e40aae43a2ea0cce91bffd4d,2023-01-01,821.06,1108.5053565074604
68b650e2d44e0cf88400824077955342a3773293,2023-01-01,760.37,871.5593113076753
68c8775caee5439001503cff4ab60d9a2ac8c0d9,2023-01-01,436.38,351.52726092127364
68e8678f677574a38d820f1aa63839f17f3d99c4,2023-01-01,827.65,716.1180414716399
68f7ac03a9f1641336b2e8a0b9308691c11b10a9,2023-01-01,777.64,809.2607068207404
691131f1b1ec1d18a55e734fe95b31f3d7cd9463,2023-01-01,1462.0,1388.3316603946116
695abe5bb6ff2f87912377c5cb8b5e294750c3e1,2023-01-01,1780.37,1943.5338132188253
69667e5374b357bb154f7e43301d9fe63d988377,2023-01-01,1437.23,1076.711172951461
69c50b2f7080b64f7347f2103c1d29817f05bfc2,2023-01-01,718.15,725.5639994443238
6a073cec7dd4c8f6a9c6a56ff2ddb78a93876cec,2023-01-01,2386.63,2651.265412182798
6a9e779aeaad04859d376e9f3900502773e8cb49,2023-01-01,473.37,766.0060314184201
6b15b12f568dee2261e5a63652eb98cd0b38d2b6,2023-01-01,493.75,1528.3020937307326
6b6af2e52b9028a4a86acb79c94584d33d9441fe,2023-01-01,578.7,815.2215086618244
6b759fb4fbc85f65f971b86b71e30d46b304b0ce,2023-01-01,607.61,646.2844064853339
6bd157a2af891f2e54c6cca9fde28cc46fe1dbbc,2023-01-01,1509.46,1561.5959296495414
6bfe027e5f30a5d6dcbc744c3e3712966d6fe9f6,2023-01-01,867.79,763.6344149785942
6c05c76270c3039f543b787217cb753444762f31,2023-01-01,839.22,941.8082327658848
6c1b0aad051fd6d4cfe10e49dcb956b95101fcbb,2023-01-01,514.36,127.79862159181025
6dcca665824fc7146474f6602c5957f25a316b49,2023-01-01,1160.57,1521.879668124469
6dfd8f598a7fb6e9ffcb19c274af30e1a5651fc3,2023-01-01,273.84000000000003,289.57810603826346
6e0374760c31236707dbc067ba54f97138836e13,2023-01-01,256.98,344.6100138495179
6e88ddf7fec42fd34cf13670ce1a9c458feca6df,2023-01-01,884.45,1117.5203746279094
6ebe6d1cdd4ffa319abf71d54e306bbd8addfb0f,2023-01-01,505.53,1211.8994038893663
6ef8ee2f7349e5b8bef3ea95a17bcf4e3e39e060,2023-01-01,319.24,175.2383252348488
6f0e920666216ad4784a8ea41e2d2efbc349af0c,2023-01-01,1307.8,1354.5166785816398
6f1559290bc65be2d8ad5aab3b8b07f050caa6c5,2023-01-01,1068.8400000000001,1342.3506942773752
6f1d0eb30159f8416b93f445d35d8e210a5033ff,2023-01-01,460.83000000000004,286.2218708328441
6f7c7f1ef861c662096ebe51316da8afa0e5d5b3,2023-01-01,223.53,357.3453090428304
6faa300dc4aa9bdbf9c078c4fb1070a2c8650064,2023-01-01,425.42,951.8516994440938
6faa3ee0e5a504273037aa40982fffe22257e9f3,2023-01-01,1284.79,3071.7393418802644
6ff7bf796cc1c0f3ef8792b317c4bb9420d98904,2023-01-01,1097.6200000000001,1221.0666779159378
701d2d0170b57912d912c95baf14488d52edc0ed,2023-01-01,4258.57,4733.54147186367
7044a849864f62a9b80a09566da8b9f4fc2f8ba6,2023-01-01,551.39,591.1100649244672
7090e494acff84159c68c26522ba8febe55900ec,2023-01-01,1474.89,1335.7660575657724
70914dcfad50caea735fc18617bd8eaf8042e55e,2023-01-01,592.9200000000001,466.91149350737084
70b2108bf2ef4a8f5c48c7e37aac4c2fa10f1831,2023-01-01,3418.91,3267.77224570348
710f13196a0f9109e22bc73c2fe76f22fbef3dc1,2023-01-01,1439.06,2067.225565972495
71448aaee3d8a82dcfa33e43f819e4fe96661588,2023-01-01,1466.58,1392.2198544178075
71f0def5b6eb244227f3178c5ffaf8d01a34c644,2023-01-01,969.58,861.2808078368846
721bcf16a1413836a3484f26aca4c4ef46201860,2023-01-01,1128.4,2297.1000457809664
721fce1964f28c360910dc10b8a96ec596c229bd,2023-01-01,1152.74,1376.8303049182332
724cadcb7d637ca3f76ecef48b0ebb849de02951,2023-01-01,425.54,413.85830233282314
7298427091e4bbb77db0afbf9b2b8be3cf9bdc93,2023-01-01,1243.16,1443.9205188027524
72c9615334f4ad7fc3d07ca8e7760cd4cf09fb8f,2023-01-01,2639.82,2904.669513193686
731a25b6b50f92aea3048d81468d5b0e0285ec78,2023-01-01,457.91,573.9716724517798
73239fd0c2156dd006183fb10db2a6ecbe1944cd,2023-01-01,352.79,398.4190582553695
73979cd3b881080e416ca160e1e7ea947202f06f,2023-01-01,1139.8700000000001,1371.9085938748367
73b3756d30c612bd589905f27ca5b274f74ac994,2023-01-01,1130.54,1425.7529713403512
745d9064499017d18e89a2560f0650e61280f37d,2023-01-01,486.35,645.7160387839172
747936723641ca6725111160d2a88d8f92b63c6c,2023-01-01,1031.8,1892.5598473923687
7480ed7072d7a07ff6225b04c8d105af6d886c63,2023-01-01,583.85,594.908682688104
74a1808adbc02718bf326e63e7c92e1dbaea49c4,2023-01-01,2438.9500000000003,3613.4038959195573
74aa2f52f2d9b14d8830d7650755780a73ac9294,2023-01-01,2717.0099999999998,7003.986468632526
74b7963125f580c9cdc54f0e90d570edd3a3d6d9,2023-01-01,826.4599999999999,684.7202224993197
755c7f9e94e2ac5f946e95d4b644d2f7a033d049,2023-01-01,2598.98,2054.836042104744
75d597ba71d7c90d8edfee1085713d0f556f93f4,2023-01-01,800.22,494.487086570959
766f221e0a6e75ff3f1d0d18423d4da5b0e7d8eb,2023-01-01,740.78,1360.290353991487
767ace30e46ae862a0f0e2188c2c10c970e628b8,2023-01-01,837.85,608.4659146720134
76b791a3dec62981ee97bd3a4aa5c9f1b5cd1ea6,2023-01-01,1224.7,1432.920708773777
76d1983bafc5ecfefafb64b976589a8aafa5a3f4,2023-01-01,1627.25,1330.9774870130059
76d1a0f61e51e5c3cb2a6afc324e7e32b3891560,2023-01-01,1317.65,2419.1062060144995
77196f62b08ce85a0edd280e951d935277f057c8,2023-01-01,647.05,461.3412083141176
7742592c6ee28cabab6c9b8ff29ca370acbbee75,2023-01-01,1080.87,1348.1269568685843
7756640069a6b56d01cd238ab20de08e97c7c798,2023-01-01,1157.71,1360.1923966373088
7777ea458a673b6a56a928b2635fee715d991fd7,2023-01-01,659.59,470.9509295825622
77f1883677693ae9d1286d16b4ce3208eba85711,2023-01-01,1787.56,1866.9586542379682
780957f77c26cb01603546783b0348c7a79fd273,2023-01-01,767.96,486.07804434940766
783f1c2643f769bc1342d3fba017b981c48c7af9,2023-01-01,1195.09,870.9568385756507
7846f73fbe7a378b83691584b286ff54e1856088,2023-01-01,1675.24,1359.8480083774498
78612204a703784961f6a32a1b7ca701751f03d9,2023-01-01,1686.05,1625.0783676550525
7894a1311b46a9a9d6d0532459efd86cf49b8d2a,2023-01-01,918.75,764.7816729801789
78c8329f7861f085874ac2ed47102b802aa746e2,2023-01-01,1228.89,1039.9082625154897
78ca9030f33abccdb93ce9e1ffdad2bdf285b01b,2023-01-01,491.2,460.0428390025998
78d8953726e7ca8ed80db09f0e520a16078293ae,2023-01-01,259.26,292.8108958167563
78ef4be48f765da08a9b021259a589337c835a5e,2023-01-01,200.09,108.11433449323361
798aaf7e3d3e55f454267e32ab64b52f87d84567,2023-01-01,1252.92,1118.1913860730665
79ece83efe0d2c6e3f05eeea111f09aa519005a0,2023-01-01,3111.4500000000003,4577.855261047548
7a8b1a65a566bb11a80d1381aba840f8dfde3c1f,2023-01-01,787.67,706.9094246160035
7ad8823e130d5da2480a3d5971760ee30a6d2a2b,2023-01-01,577.26,1116.636466061539
7b6b767b7d186d41f2eb825ebd6a52d09b68573b,2023-01-01,317.13,522.3521054282836
7bb2478c37f4cc9ce97a4a3038f2b54d4ff5065a,2023-01-01,690.65,866.4669114581638
7bc4125707eefec6bc75330752b569049467e967,2023-01-01,646.91,693.3165317298212
7bc502b1cf123d8cb1fc4cf945fa4de645757c06,2023-01-01,1407.92,1324.4544967062795
7c9063ab0a70033b767550c85243178aa1c79f59,2023-01-01,957.08,1164.7327817630387
7ca33022d73d474e23092d0d40ea415285e7fb05,2023-01-01,1748.91,1409.147850866984
7cb0a722b5295c1e3fe63a34d8f0a39735f48c59,2023-01-01,536.75,2418.918966118623
7cdb79ce86ee85899b8eaf273922ff9126533c04,2023-01-01,1349.63,8271.969654168559
7cfaab17f2f6674493fecada940adbb22d46cdde,2023-01-01,1182.47,892.1395924310522
7cff8f4347ce50d411159eeacb758a678a0835db,2023-01-01,3624.92,3788.911142601911
7d1781ca25c6b9193c63f0c31b48496f69ebafe7,2023-01-01,981.22,1186.5276345832963
7da1e5c57142a3a1fb9eeaa4eb164f7f8c7c0e61,2023-01-01,56.92,-8.332535030527433
7e044ea76ba6840d53b440a538cf2ae270041ca3,2023-01-01,1453.89,3559.183497446102
7e80f245cc1a01b48bce454762a11f8ac03231fa,2023-01-01,2011.08,2227.707175027601
7ebf1612ed69a206ff42057246ece93151fd5b68,2023-01-01,2592.42,1064.1457068811915
7ed1cc81ae524309271cbd22c7ce7db82c12cba4,2023-01-01,818.47,701.8051015908782
7edfa8fa9b186b5157dab56f166b04c7ba194cab,2023-01-01,1194.71,2316.8409957822505
7edfcd56ba7608723a0c97ab03a2756b1d40e6d2,2023-01-01,817.53,529.9496442436758
7eec0967e047509768ec351ce5d239e234422f17,2023-01-01,1904.83,1200.5152236244594
7f8453c4e52e8b082868bd28284939b8ec84a6ce,2023-01-01,2775.22,1749.9447904775416
80f9782ebdfbc5465129688ac339bd590c11739d,2023-01-01,832.51,759.3292822686019
825a553d909caf4aaab4d01d171708241cc6cf8e,2023-01-01,310.0,249.0792104905544
825e561e14578c12447d3dc459a7c749162017e0,2023-01-01,881.36,1114.5579057626437
826158635df25e5fffa5f7989ffee57a73c4334d,2023-01-01,1307.81,1053.6381761748582
828b1e9d505d251fd737f3cc655d1dc2fc7deb63,2023-01-01,361.29,384.40576031910837
834443cae1779e27e87894ff4ade35f67d399d85,2023-01-01,1597.8600000000001,1834.6686061083847
8391ff755e5d0f9046039baf33a1bdea75e544ec,2023-01-01,2908.21,2984.3651582235743
84074d151c1e63cdeec829181a59d9478595abbd,2023-01-01,312.1,501.9227840481504
84bab086b7099fdcd3192d2356d1295d16522316,2023-01-01,1661.8600000000001,1504.9722267213099
84d2207312aa074f626bd55f20f5536157107740,2023-01-01,2060.01,1295.665236172494
855d9e8df1063910ccebb5b0a88aa3d95a8cb6b9,2023-01-01,4749.04,3317.7144423468844
857ecf5bf8633696d190004563f2c957508454eb,2023-01-01,729.27,2369.1267594246683
858db674cae4c86b76c3f344615e3a5c7627a03d,2023-01-01,457.92,553.3515304136714
85c9251008b354f4a9c13fa824257e5ec95eea36,2023-01-01,1173.35,1190.9524332808357
85f07ec658a4786265c44d31ac48b33f9b9a7213,2023-01-01,286.93,205.4447465393519
8639f50df7cd76bb2ef6f82a647ccfa11cad692a,2023-01-01,341.67,135.8815203717767
864adfaaf133b78953b5aa2ea27b5dc34224067d,2023-01-01,908.64,823.9996627046119
86517617ba88a7a340b92fd5466c743e195a6381,2023-01-01,640.25,808.750369803401
866146f5d969bf6394aeac5cb1290da4bc85d93a,2023-01-01,508.68,1401.3323305349554
874dd1352fcde3d759c2783be5a2da15a0cd98ae,2023-01-01,1760.14,1724.3767472816164
879267f571ba345eac4c34dd7479a9b1fb860c16,2023-01-01,930.8399999999999,990.4273133197677
8826fcdebf2eb8d6493ea4039ca0555281c936bd,2023-01-01,850.3,764.1091782360669
88443706437007ea932169dce86a2dedf4b27221,2023-01-01,652.74,666.6841165158521
8849058fd68a319f2b641b6311df75228975f196,2023-01-01,2167.42,1634.627778139105
884a990ae864d7d832a8e6d0109a1ea8206307b2,2023-01-01,1103.3600000000001,852.9180340494785
88c6aae29acb00dea92921e4c6cd6c86971e622f,2023-01-01,1174.47,1184.3111888189733
89148485df0d33105af6851f82277226db50dcb7,2023-01-01,925.33,717.6148024967307
8941b449ef43ed5efd7a1f548c27f6bc8479562c,2023-01-01,1999.8500000000001,2005.632969999383
898ed397288bcb7556929a11d71fd6e658e1983d,2023-01-01,133.33,995.9771077249792
89e976396041a90fe3106c76c590fb1428b31a95,2023-01-01,1969.77,2170.0288471099143
8a03b91c90518d87a6f52b4ed136ac6e49ec4403,2023-01-01,1636.56,2352.1343815623864
8a54bd5df337b542436dad02966fc4d39d257b84,2023-01-01,1376.44,1110.772908501106
8a6c7204712c11c08cdb6d6397e5a7c710610d83,2023-01-01,1059.13,1416.6804145120793
8a86c5cc8fa3b4c4ca7ad1c8597fdd09e65b7ae2,2023-01-01,381.09999999999997,463.64408822109687
8a96a8b7113d6b3e1fe9211862f29bd80d5bc35b,2023-01-01,418.32,592.4110011804432
8b31f27db32594b993b08b02815b48f3a9194076,2023-01-01,1964.66,1798.856996953406
8b52652735c76886384a04b48de015c41b8a3c97,2023-01-01,831.42,868.1552920035759
8bbbde58b22daf4b9f64c19ee203de789dcfb537,2023-01-01,1505.79,1754.0918547131325
8bca43a5f08644b18e2f21242300332150afb98b,2023-01-01,518.12,733.8673524618655
8be9d16084ffd243be9a701257f2321fa0e89fe6,2023-01-01,1758.1200000000001,1338.2958978046938
8c755752bfe4df409c27a289283216cefce8816e,2023-01-01,1266.4899999999998,5166.0702893178695
8cc0d1d598b36a86858b401e08b1d4d641e726ac,2023-01-01,178.96,1383.1180551412576
8cdc91b8f618472c5abb5a02ba6c5c4caa714216,2023-01-01,962.8,831.695451099347
8cf7b6a6cc74205009f63e37c438cc23181ee2c6,2023-01-01,743.9200000000001,1057.661224898789
8cfb5aa5058e0bfd070d5ffd662c199a760fdd9a,2023-01-01,718.69,658.9660149660314
8d1c6cfe1e462558fa1dfc351102d035b0098395,2023-01-01,1042.15,1127.0929339330708
8d2d5fdb0101dbecdbdbd7e9bf92e59f04233cae,2023-01-01,594.16,609.6138758855722
8d37c46b384eba1320aca07a0b7773dc3041e799,2023-01-01,1111.78,1755.3816322761684
8d6beb6bdc3675af020bf5d53f4c95445d8044b7,2023-01-01,1223.75,2004.7820427280935
8d9b34966d8592ada34c6a7929237759b85ad0fc,2023-01-01,928.6,1075.979134478661
8df77fed244f13ee2b23a99dd923f75d51415498,2023-01-01,1772.6599999999999,2244.9221923208897
8e0ace2e33ad0399023ba42beb7b0fe1b10ff04d,2023-01-01,944.88,1483.5473298856198
8edcd32e658f91a98ffced62ed33d2ef9e43d9a0,2023-01-01,3202.67,4749.402133999565
8ee0c4e590692c13b5d2d75745708c0c37429742,2023-01-01,738.56,974.3516950268433
8ff077cf5a0fcdc8a9e9c7be296db30c2330d9ed,2023-01-01,2726.19,3042.6426324614204
900891c32d4afe8e98a39de4684e18c15350c56f,2023-01-01,330.32,428.2140911217459
901870a95abbb0ddec297302f239d006d692c1e0,2023-01-01,563.98,571.5976210163587
904f611f32e5a32347b2f5bf7b45d47d7be8666f,2023-01-01,2068.46,2768.8976969422697
90714f3b4cf4653254a264ef375d68885be49282,2023-01-01,900.84,1111.2427229683706
9084ec79e650734c8689e3fbda1fd19bfd0beb60,2023-01-01,207.37,664.8154755942257
909503ac66a33beb974546861a29b9edc1d154af,2023-01-01,668.71,1222.8455973464083
90a44c82a71aae25ead34b5e5f0d93e2e6ba2668,2023-01-01,924.13,1381.3221074875678
90dcdb6ecd699f0c7772e12fb21255f50fea66a9,2023-01-01,2627.44,1440.2102635203153
91477f382c3cf63ab5cd9263b502109243741158,2023-01-01,394.95,1994.8023628536782
9206383e87f769909dc4d29260dabf658665c1a5,2023-01-01,401.84000000000003,703.7199046495441
9217509358f661d0ea3b2206b4bd414a83bf6129,2023-01-01,554.6,901.2125750082572
922aac1cdf3d53172c3a3f78a1701ff498f8f51d,2023-01-01,1012.24,874.3615042394848
9293229c981183b01d9f33bad59b90348f6c1e07,2023-01-01,1212.23,1894.414835383074
92f77a4cb7a1547772bd562830a62aabd903b96d,2023-01-01,32604.31,15559.07666014603
933b47c845ca779510d534ffa44f83329f0efc14,2023-01-01,1614.25,1489.3464397605874
93512ea145c3d81ba7a7ff641faf992fd307072e,2023-01-01,1875.03,1738.403733259318
9359dd7bf60abcdba2ad28acf353bdd95da8ad1f,2023-01-01,2021.0,2042.1151030321164
935baeb133059c0f5b91402004e86514ffe90f1b,2023-01-01,607.22,799.5672122335678
9387a7f682cb111ecab07ea34594d897375e46a0,2023-01-01,611.29,654.5959624351483
93b51942a83638733b6c8deba59caa655d97a71b,2023-01-01,972.99,1211.6411284605042
93c9b5d87071dc1fe4c34a86c0c98c8113e7fcfb,2023-01-01,1277.35,1075.2753813615323
93ed210af06f1fbb016f6c47c9a24a77549cc3b7,2023-01-01,905.45,805.7731568418803
944f8cdb4369831df168b8e4170a0eaf8d17ea6b,2023-01-01,825.5,774.6738125422489
9453d782ab82d337f2bbce15039b7751468c4313,2023-01-01,1674.73,1565.076437158883
948b031c943777ddce29def972b8d661a17f573a,2023-01-01,259.31,786.059581378457
948cae8cd75b15b68122521d530ebbc249d2178f,2023-01-01,338.3,361.38786865768515
94b8d1d74a7821c43c9ca0fde19a192e9bae76de,2023-01-01,430.94,602.2353974906745
94c733ba6df29ae6c635b8d4419e9892c2e5de7a,2023-01-01,800.22,1062.9682908215095
94e335457caa039fd933cbde1b4e215f78a43aa6,2023-01-01,735.6,785.5582215287791
94e58c5ab22628af017b1e627546f0c96eb390e5,2023-01-01,571.1,384.96109090063095
9542486a6f7138e66050e3853432967eb588eab7,2023-01-01,285.15,687.9705547038478
9553d7f9f8f4042bf7e568f5512363e74022c8c7,2023-01-01,563.83,618.4036125035548
9586829eed3a6f674cd4d978783e519965bae350,2023-01-01,435.63,801.0639732586586
95cfdcb8ec03f7eff4c84d67b271af5c0567bb00,2023-01-01,1526.97,1818.5157237708604
95d618773483c5fdad248fda106729293a371e5a,2023-01-01,695.83,942.5621565899427
95ea249610a42069ff9971a36bd269ec9648c0c7,2023-01-01,1059.63,1111.8042673601358
95f7148846d2fa8d36d4201aa4c24af4c702bfc5,2023-01-01,479.76,575.7918450550123
96e6de6c2996b73ab71226f87683aadb398edd16,2023-01-01,880.88,983.8756880045978
974232ce089a22d800638ad09c445dfcc0970d6d,2023-01-01,1051.01,1158.9544258624726
97f8228dc59bf64aa315e32d7792937eca12364e,2023-01-01,361.49,768.3464306134465
98228e90a10f6400b1bd660adaae1ba01e811dc3,2023-01-01,3664.83,3646.775713611564
983d582d5cd7763d3b446a440287de609405833e,2023-01-01,749.68,834.5629226718414
98402e530a02a209c437681b0aa1bd194bd848b4,2023-01-01,875.95,894.1640227816507
989412e818ab7ca242cdfdbd3fbba2acd00b0a1b,2023-01-01,941.59,1121.6642459987977
98b30663015f37ff8050863aba082c3128fbdd5d,2023-01-01,713.53,2140.297348028417
98d4156b47dc4efdce5aad65ccbc186e7df595ca,2023-01-01,779.14,826.0957012188923
98fe1ff6ee599fe387dfddd517acf1e333150a01,2023-01-01,813.6,1261.393635257195
990e1ca928f06bc21eb9518f90a32fb4d0608409,2023-01-01,651.07,1160.4899284984672
99325e3563e5f3975f63e31ec408d30845549ba7,2023-01-01,286.90999999999997,3945.490620141044
99fb7b837518d1fcd01ec8ad0ce4f38eb8f512d6,2023-01-01,1125.68,1156.8171302474293
9aaebb19f1f0c661c899f1b51c8363040357006f,2023-01-01,1493.87,1769.0531565744916
9af125ab4874a897afe1998d3aea0bb5ba1cde04,2023-01-01,870.37,829.5997981160043
9b75fd6bc1204c6ec1c199259cd5eedf93a35769,2023-01-01,345.05,469.7909938976043
9b876fa6afa38bcde1c9cf623c97bc6d72c373df,2023-01-01,277.19,424.15873193655113
9b9cf8b46d8a0cd437694377f89b220fa6b70e18,2023-01-01,853.31,1396.0154860722303
9bfc0f4a3bcc87743e067b0c4bebf1a0f9c5217a,2023-01-01,644.04,724.4442738851773
9c5b793a39b4f480d9b75a820194e4bacd85ec74,2023-01-01,371.08,840.1401861408663
9c6ef874db857c5669e12c72c5d9d6d24d1eef62,2023-01-01,1056.17,1394.9223255566308
9ce500df7c4732f0ba70efe8866af6dc92295f0d,2023-01-01,1008.33,1220.8751604112147
9cf1644d1e64bb2bead0aab1b108a451c8332143,2023-01-01,3606.34,1785.3301249564988
9d5a8c0219a10e1b8805ea115918d687f9578559,2023-01-01,1265.59,1021.1005898986887
9d5abeb917fa1ac848eee412d2d6c91d24407037,2023-01-01,731.67,785.0867711025213
9d944a0df9d0ab74a5db9227cf2a6306f7569033,2023-01-01,592.92,701.8051015908782
9dd1bd938fafacceccfb1cd42e97b34655fe898f,2023-01-01,204.87,608.6997611570592
9e4986284d7c10efaa1dad7b715489dbf00a5ef5,2023-01-01,613.25,491.9114502029086
9ef10b24c79919391e3f50f7d5eb461bbd609f2f,2023-01-01,599.65,200.19613609007376
9f2b3a2d400a06dd5701051619d2426d90772462,2023-01-01,1848.35,1531.6770240783007
9f5ef8a75027415903d631d98e775d0bbf641dab,2023-01-01,1040.44,1456.9994940952542
9f7153cb40d07225004db7a1606b1290d1518da8,2023-01-01,890.13,712.1355461048763
9f81429db5e6bbc00c36d4603e728f7259a0452a,2023-01-01,123.74000000000001,23.843947772061956
9fbdcb7d991a19947b14a8aa6d2008d8fbc556aa,2023-01-01,744.81,849.5355934152561
a0137eb274a05163832740b4cd5a815dbacbcc0a,2023-01-01,1240.1,878.1902638996003
a02fd6843abbda4da5c356720b8c4d338b7bc792,2023-01-01,905.6199999999999,738.5851084741635
a0324149308185fe89e8eae563146bf3699373b2,2023-01-01,1498.11,1806.579963162473
a03996fac4841ded81f41c00166a141bf3e855bb,2023-01-01,1061.21,1119.7432278712256
a067a554be1ef87814d404e46a03109caf067a0b,2023-01-01,4076.87,4296.72243676719
a0768b38ee9fa95c035c2ec25a906630e3a88ecc,2023-01-01,1671.94,1138.9379216353307
a0a5001e7c4fa7e7327e38abf619014426ad3b30,2023-01-01,1159.28,973.3436438389259
a0f2143d9a7f85544a498351a6b08b2606c91552,2023-01-01,462.13,552.1279172309265
a11492b5aa5a81b47a23c2048157ed590f464a1d,2023-01-01,233.57,607.6747017749074
a166075228e62cb7e1836c2b99da1fce7d0a4bbd,2023-01-01,607.48,612.220879400113
a1815c5aeb53bfcfcc67c76cb246a3a2a79afe08,2023-01-01,883.9300000000001,908.3189544708613
a1f3c64f9979a361f9a54a173322681bf6dd20d1,2023-01-01,13978.01,14097.140690269069
a20af678527db70e8376fb01d5d2c211d52d8a63,2023-01-01,687.41,1252.922766896532
a252ec714aa10c6bd4ef51855ed0d7a4bdae9fcb,2023-01-01,1724.78,1555.3502807907448
a26ba9e5afd2415127df67a7a9fd1befd8b3e0f6,2023-01-01,602.59,660.4627759911222
a284884e58891c89c5901ead15d973634dd0edad,2023-01-01,832.74,785.8763586195342
a29a2f569c77d4eb2370305483ca2a39f17bbc9a,2023-01-01,259.53000000000003,447.61906611740056
a2a7b64ce3b3a11994ec707a6c023fad12d48ac1,2023-01-01,1427.66,1509.9095686829871
a32e74d4f7bec358001ea6c0c283961de74cb5a0,2023-01-01,797.1700000000001,862.6717333950057
a36e4538b10449a5f8149df5bbc7b72f3b3f92b4,2023-01-01,636.1300000000001,336.0685521504455
a3b1d09c6bc2d8caf5cddea036c7da023345c6af,2023-01-01,1183.29,1520.0068441327558
a4a7e21956e543379c52a4b6737d87ce6481ce1a,2023-01-01,706.98,1018.9126250934918
a4b1806dc8df069494a3386539cdd94ecbfd15ce,2023-01-01,122.6,289.91438315770415
a5351cc46afe17512d59c3c5aca1c5e3c7be98cb,2023-01-01,900.37,881.2405126374189
a53fc2b9db2deb10fdb0a0bab3915440511c7453,2023-01-01,510.27,461.59003163243807
a561598c0557841fe1afce6f22f4d9dc2693349c,2023-01-01,463.92,298.1985197572083
a5bd54bc9a7ddc82ffa1fbde4a320991ed6155a9,2023-01-01,790.41,917.7247734672
a64e33ddde94fd25efcdc21806c24cf254bf7bb7,2023-01-01,1211.44,1129.617432133351
a657783ecfa4237031662b76c048df6a937c6148,2023-01-01,1197.35,946.7180988705179
a6f5e7d206f1ab8d5952fec788a7577becf9c76d,2023-01-01,705.28,844.8028046941329
a7052aa8132520284c6f9b23fb3e6f7c2728648d,2023-01-01,258.71,409.4669913672232
a737e3c57dad7ddb37b526681109dbc8104d7042,2023-01-01,1101.91,813.0708898215437
a7669b14fa85a3f61286f1af70c98edc5d32747a,2023-01-01,266.87,294.55889266242536
a7d391e783c585b9737c2f796f770bc7dc44ad4b,2023-01-01,559.03,1178.682981791489
a83a43847d4c141aea3d6822975ca796cc8adfa1,2023-01-01,795.84,859.844018062459
a85916beb7602fa48ce1af983e29a8881478d2e3,2023-01-01,875.8399999999999,1307.9007345687724
a91abe00e64d64ea798dd6af5ba30b717c254143,2023-01-01,3192.28,3138.0464205975727
a94015eeb4f4affa02dffa1513c6300e5b986493,2023-01-01,533.64,326.7058268682276
a99c42bf79d1b5a0d7f98fa19c60530af241ddf7,2023-01-01,610.83,596.6649080742555
a9c2603de56c371022f3b03cfbc5e6bd2cf2b40a,2023-01-01,521.22,891.040353403212
a9c97ba219836ca7816b05b83f86702fcf1ae6c0,2023-01-01,2260.75,2785.495564899929
a9e016b379e37917e4b2ecc8f9a57cef93ccc185,2023-01-01,619.74,497.6813496363497
a9f3e22ab1e4f89dee4a8675841a3b61bd75032b,2023-01-01,1453.93,1316.1410881109953
a9f8a55b4d45b327ab1bbb2b13957a5793211e5f,2023-01-01,266.59000000000003,-14.204006096302757
aa61dc17381126cb949fbe28afc3f5c0a1481b50,2023-01-01,1752.58,1586.386515006476
aa8f42e25a276157c98010bfde6f81bd116350e5,2023-01-01,480.39,2670.072119757128
ab230fab5995150dab0877d3e294ddad37ce8a4e,2023-01-01,991.14,487.3337444778873
ab392368a31e3c4e388066cbe3fe894369baf499,2023-01-01,397.54,524.8415894503671
abdad6c9c20ca66c5ccaefb5390f172180b7c448,2023-01-01,1001.99,1232.2608830730608
ac4bc91bfa07d8f08793a9e1564a930868a72d7c,2023-01-01,3128.31,3365.250153928817
ac6a6046f771392515fbcc46ba825af32742d296,2023-01-01,559.13,811.1136965241744
ac871d71c4de5abbea593192b3f16eda994fc53e,2023-01-01,553.38,1078.8226649654966
acb2fee5aea2d73a88359d438aaedeea731554f8,2023-01-01,626.38,387.89449734251434
acd31bc9020bf2f6ad27af7ef9371affa07834c4,2023-01-01,1299.86,1146.8523189315833
acdb27423ce7a1df705dfd9d18337fa9544774be,2023-01-01,606.52,1081.171283531553
ad00d9f668622581ae4141583796bb789277ae7e,2023-01-01,478.3,709.8455266165034
addebfd95c1b7303430d2cab69f579522ab69dbf,2023-01-01,1581.8,4122.225571089277
adf0631d7bc45ffdd422b11258653c589e523b86,2023-01-01,238.05,180.96029262638484
ae54444147fa05e6ef18b8a6a05c01116941c879,2023-01-01,940.89,1428.4880704887237
ae89ee98920451694ef71179ad578a609c1f1849,2023-01-01,902.4,689.7367010793088
aeb4a009434ccaff9177478e4a281b7d05955290,2023-01-01,959.37,1095.3238440653693
af004a72d7b5d9e568aff127c0ea8f834b65a0d0,2023-01-01,2400.3,4335.07847882923
af71d9941c1c6bf95011bec2f93aab3ef6f577a4,2023-01-01,188.31,118.8467393648067
afc5c75181ded2027b74c6be37a7750d141672ae,2023-01-01,1170.66,1392.8158613926307
b00279fb16bfaebaddb54c8a99f2ca01052d1c52,2023-01-01,155.7,216.10569667324762
b031d8137149cf687fb84be6198524356ad91483,2023-01-01,437.53,845.7695398081344
b03594fc263d4ac6fbd1bd2a4f14578c846cbc41,2023-01-01,1053.86,1719.1017078907742
b1178826550613d576a2154a9f9d5dc85ff9c8b5,2023-01-01,232.64000000000001,286.70243168805206
b122377cec8cde56ba3b037afc3564ee77594abb,2023-01-01,777.87,856.0490208684395
b1cb371074e1938c9e0a84f57469c60f62cefdd3,2023-01-01,857.72,807.1952019410661
b220a8e71446cd82d95ceb63fb9f4a2ad4d058fb,2023-01-01,835.65,460.7075574606655
b22f04d8394bb8fcba5e26d69c27a3a0e76bea14,2023-01-01,2281.72,1955.06514846625
b2437a23b3ac7a87fca900d9d405fb0d033d0d14,2023-01-01,1103.6,698.1083950259059
b2ad3f138a63439e4334a3feecec057b5f9d0151,2023-01-01,562.88,764.8688602071956
b31a7784075027d3162d6a915c05e520bec6a4da,2023-01-01,2365.13,2301.2267229709605
b354f9d82e4ea716310fb3daace1559c6cc9390e,2023-01-01,731.69,1321.5052540785312
b372e8f0894d84ffad3a7a83f7a2f7cbecfe5e2c,2023-01-01,335.17,397.84610794802165
b42f70dcacd85b1465860e9df176cf3e37e14dc9,2023-01-01,648.44,745.2045810097072
b43e31f698da09a1386c46aa7306b90ed743ab3e,2023-01-01,427.74,216.72616663461676
b4de8a7dd1291cd411342f866534a0ec2767b69d,2023-01-01,571.14,500.6064360854733
b509e25736ec4676f31ce07a7a8b4ff02536069c,2023-01-01,663.19,741.9422226353485
b558da8c68541009c1f026b57574b735810902a1,2023-01-01,1329.22,2781.775241892328
b5778297c4196b91a7e9e496c32fc64219f898da,2023-01-01,382.36,392.20303474303387
b5c20589d155f24cd28d1cf9f30533e5f5a22270,2023-01-01,23.46,189.35812681567512
b5d350b1128e6753568aeb224163d5dcf0c8da76,2023-01-01,749.01,552.4558500579592
b5dc5a33143864b01fcb864b2c73f4213aac921e,2023-01-01,191.73,389.2837656004385
b627227d2f20116510bcb12de34e6a188cf8d054,2023-01-01,876.8,942.4578974616079
b64721f7b74e2313dc269403b45889e9e3012015,2023-01-01,948.71,868.014172666109
b6e11578d4b788c74a87b53f7bb9a336cbab4c7f,2023-01-01,434.06,525.3892201694921
b710d064e6175ccc949b5410c02ff5e923f3acc2,2023-01-01,504.54,1110.0086251864695
b724b68d73fbc5622080f8405c4109cb815d5184,2023-01-01,556.24,611.1029483583968
b75c7abf693a676d09588543de5ea0456ab33690,2023-01-01,489.2,550.7960000067903
b7a0dfa6d62f7ecfbfadf4b75ce2a2cbd5c00399,2023-01-01,766.2900000000001,943.1359431572417
b7a6a07474831f03644ed909903b496666d3d7b0,2023-01-01,800.92,1791.2579982268405
b7c3a205e5fc6fe2fb4a0f26a5ca6569187dd50c,2023-01-01,1444.59,1863.670871416298
b7fab95a4afc9add00b1a3804777f6cbe4269130,2023-01-01,249.76,262.59645557786854
b82958de68240a0364e57aa2e269575d62d34619,2023-01-01,1024.2,945.5634728261502
b844dcbf099229e1b8361b87fc14df3fe9ba34c7,2023-01-01,2902.27,2693.8623521181157
b89ce5f8732dc10a25f5e155bc276a7ca019f73c,2023-01-01,1420.97,1031.4261130217076
b8cf6fd931530aaf329356c699efa0bcf743f5f5,2023-01-01,903.5600000000001,1164.9229177246068
b8e1a7975a815474e3fff19ab29ee2eb8b6ab573,2023-01-01,1418.44,1236.6287741582275
b94151e8e7bd2a8062c61a6dc771788ea119c7b5,2023-01-01,1677.45,2162.3639726061465
b9883152901134619df4f4e015f40de95c060392,2023-01-01,2979.41,1339.059096791441
b98cf65853a72e51c42dd81fe2e2e2120f4bef53,2023-01-01,2304.95,1832.0572784935478
b9a3e5f13e297f27ba388949b160c6b99cb6e992,2023-01-01,930.53,919.2860439297792
b9a5dd04524b595e7665208687a6a8d52c014c38,2023-01-01,1020.55,1328.455469107134
b9ee4d87f1dfb8091d1ba5f41a0e15f3cf8cb219,2023-01-01,776.2,1954.7919809215964
ba02a9c4e1c4bab6cf0191dd5e6a501a8846967a,2023-01-01,624.16,478.667934091042
ba509e6b05704b8d6e52967a476a2def0d29bae2,2023-01-01,57.42999999999999,53.54239641782554
ba778a0d41cff83a934fc482eb9b77b1dfde9f53,2023-01-01,867.17,2328.4674311323015
bac0e9d1b2241407cb417a3e6913387cfa7e23ef,2023-01-01,1491.74,1529.4590289725675
bbd4c87c8a8cb1219a115d7c6a2324284653331d,2023-01-01,2117.98,1419.582666257328
bc72901252a576e7e9cf1338797802e16098c93e,2023-01-01,1166.41,1339.8987684233537
bcaa86c62ab531a0ad32c052386c130e04b36322,2023-01-01,700.24,1474.3519690329963
bce2c5efb98c0f18a5cd10bd1315d2c94c061224,2023-01-01,1129.89,753.6006430965933
bcf99c1fa38f060928e10cb24ab5c67def4889c3,2023-01-01,2887.08,2003.788545401964
bd3a1e151bc9533843c0939363995ba036b8a4ce,2023-01-01,1159.0700000000002,1290.399303101773
bd4713ce9184d31af96fcd25184adb32a74c03a9,2023-01-01,73.37,251.3839053177105
bda00303d27062b9d0eb2970a79d54cc538cf157,2023-01-01,844.65,1239.1417846255117
be1860c7db721701aac2254d0963a1287954a13c,2023-01-01,1495.0700000000002,1855.5464209730585
be2b92813b37ca91eb20268ad1a6ea63888285d8,2023-01-01,2537.32,1423.0548266521976
be59d08b33d1a1150a27fbf0aa6150b9a1df8ddb,2023-01-01,748.2,813.6395923547755
be6f5967c189f44d54cd3fd722b1f4d46e3b939c,2023-01-01,81.09,72.66417538099704
be7d0f4487ef8827ffacf1eff4859cf2754d6e7c,2023-01-01,1915.24,2096.935340483292
beee123e73bd1816bbf1d2afc874be80e16eab46,2023-01-01,935.15,1499.1506047934772
bf348e4f9af16aa0d6f97c84ec994257e6eee5f9,2023-01-01,166.54,192.0484974307251
bf3ac6be503f22e65824741f94618946d74738ce,2023-01-01,649.4,827.3623274812733
bf4ac2c9e1fcaa3fb965b91ca2e72a8e2f51aa7c,2023-01-01,1281.98,1233.3159928748444
bf6c06fe4c0ecab18f2a1dea343380333ef3ad2c,2023-01-01,603.94,445.9679297131884
bf7cc3724c16efc62c070e93f25d5d5bfbe43a60,2023-01-01,1001.77,691.8576741759771
bf9fcbc008361168b099bf7654e9a1b30605c76e,2023-01-01,947.97,913.3366597791912
c024bff1d6b17e94addfc4ce1ebc71e3c6c4f0d2,2023-01-01,1121.12,1395.0925769402932
c02f74daf2f7d15b04528eb001361ff239c48160,2023-01-01,585.03,344.1360903590495
c0761949e5345b9a9de42fcf65d0fef10f4a1666,2023-01-01,78.58,173.6522107718714
c0c1be006b19e27698d1d7bc2fe0bd6329d1496b,2023-01-01,1121.66,794.0215597659623
c0ff5732c856487c5903b41757d232c0e37817da,2023-01-01,878.66,779.3656225686464
c1da5f84eefc7223dc001fcbe5889cfb089630f2,2023-01-01,1533.29,1461.8367333656604
c254341cb03556c6ab24832f10fb2c09b534399f,2023-01-01,61.39,163.57649273515415
c27b4f23ece67516a9db6140149013227d33bfe3,2023-01-01,550.5400000000001,284.49274293583886
c29798de297478fee2308ee3e12cd2dd4b44bb78,2023-01-01,5647.59,7552.220712848991
c2be4d30a69004440c0cf7d8460c4e7ad2b97da5,2023-01-01,2813.63,1402.2075741473943
c5110b283076d0c32a7438297a0851991f15a0ec,2023-01-01,930.6,784.0022346203722
c548310f649be29ffac0f04ca50a0bd0ed9a3352,2023-01-01,1486.23,1186.951555066557
c56b5f643de3f707457380554282baa023805cdf,2023-01-01,1100.79,620.863391627916
c57b65ddc0c540648f8071e5df7b75036b8e5815,2023-01-01,713.77,641.5672690588978
c59a9663a700f80b76dfe4e9d40122cb404110c1,2023-01-01,1638.5900000000001,1670.780849808299
c5a2d0ebb9f801fba2e4bd4af3c8d1a1a329c472,2023-01-01,432.66999999999996,280.1613590310825
c5c8ad0ca3a10e1421c8ec4759ee438ce4f96ae3,2023-01-01,1592.68,3888.5289340178165
c5d8e8c04a4abef983ec1c45a8b2ef3cb0f27116,2023-01-01,846.23,761.0758887582722
c5eeec13011d24ce17931baa207a9e2cb105eea5,2023-01-01,301.8,297.0381802850324
c61e95a1efa52c32ac065a523abf63f458b5def7,2023-01-01,1246.56,1579.2601764875571
c6ed7b76274d0eb704a7d2e767b21ca165ab4f07,2023-01-01,1121.75,1010.2319932621174
c6f4341b49f0b31eb9c560de56751d4a2cab7190,2023-01-01,484.25,1244.6971749053723
c77b50cb2fc561b4153ccab731ea88bc0aeddce0,2023-01-01,848.09,772.8335504896473
c77e1638401cf69ef9c46de6611929466b739b06,2023-01-01,1082.05,1028.7723484339745
c7ce09b9c155c50dedb7f2483f8dd7d2f585e66d,2023-01-01,1088.39,1500.828778259141
c8d4cf70c436699780ba6f1a8efb8a7adb6f8b0e,2023-01-01,934.8,1097.9770408363331
c92790e74f5d4768db0fe57b3ba07be8396b7c4d,2023-01-01,3372.12,3854.6048274698774
c935634fbe417eb2a8444624b5e599475d06fb17,2023-01-01,5297.63,4484.132471849609
cb38d65bef08b9a895b3ea662fdaf856859d8eeb,2023-01-01,1361.46,1280.3193774164092
cb5dcfe4cb7b81634ee6fe563f4502644de72073,2023-01-01,1603.0,1016.8767413347865
cb8a723a25c36e1679f56997be30195c7c4968dd,2023-01-01,622.4,1755.3851744479698
cbbe34d32461d2a2991637c3d99316602978dbe0,2023-01-01,826.84,755.6153261926991
cc2682506f47e28a3ea531bdbe3aea32fa44949c,2023-01-01,1223.26,1906.0500872247549
cc30d026bd041e02177ac78e89a35afecfec2be4,2023-01-01,2606.01,1797.7044044380498
cc38e4f8c6c0afb7020bb94a488d88514619ee9e,2023-01-01,678.54,921.2030670438721
cc46998c8fcaf8527a5c43e8148f8e2f407ba4d2,2023-01-01,428.61,359.2663271704023
cc52c5040665c98fbd9ed8b54174f124882df68b,2023-01-01,896.25,1041.1951499693585
cca27e55e64fbf85b242d203f225684b595b3465,2023-01-01,1305.09,1109.839493253234
cccb166e3dfd247a783a4dc37d8dccae02c1a9df,2023-01-01,528.85,462.4949778306889
cd5c72c994e7854aca54f6f66bff0ca8b75e2009,2023-01-01,508.03000000000003,351.52726092127364
cda31b10fd32f693212cacd33091e6c055cfc9b0,2023-01-01,381.54,136.8858292681369
cdd093c5a2b0ee2dc8a7b51a970d599c8ae6eee4,2023-01-01,2953.85,2149.082892045424
ce82b93a449868b08a89e5090f84ec9d64d8244f,2023-01-01,422.2,473.2175706541329
ceeadf833691317b5164c3af3b5eb5bec6297809,2023-01-01,422.67,659.310504383914
ceec7f835d40e570b84a8f9acf151ae7ad079893,2023-01-01,392.67,394.7734214999886
cef027105f3025f7365b1ced0696d775f8a677f8,2023-01-01,473.77,764.7816729801789
cf6a5919385420851cd022787b7f73ec1e11e494,2023-01-01,1568.8,1442.7177410544814
cfa55d7d336bca9ae4d827398a84be57077f112b,2023-01-01,578.09,806.3666955610722
d04a6f50792e6f3b35cefa853015bafbf66ba2e4,2023-01-01,1142.9,1146.3277838285724
d05b7fff58d35bb72b40d33223ed02b4d9d22f51,2023-01-01,710.52,438.83891327675934
d076b085d54d60953c594dd9bd372c0dc84222f1,2023-01-01,455.54,459.8444472890268
d086632b1bcbd27e4f05b991dcebbaefee31131d,2023-01-01,652.11,724.6567767817452
d1102cac569a5d0e3925f52aea1748056db31088,2023-01-01,774.48,574.2377203879258
d12a58b2964be79458dd266c7140da4926729178,2023-01-01,1267.52,1492.3970870349817
d270f68c46b056212875477b0ff3ae25b390d277,2023-01-01,946.34,1157.0317448050002
d311196782c8235ec4a7328fc2ca43f2508a891d,2023-01-01,4711.98,4403.0513588844715
d359ab417e34fe192e8d846b6427d2f764f46683,2023-01-01,1098.62,1103.0053189602945
d40ba3f8d0b0510535c4e2566c77d31bb6eb1d3b,2023-01-01,9162.62,7615.889191445195
d43d62684801211a94e54bd987041268cf0bc6d0,2023-01-01,3748.2,4492.558848518134
d46056c3ec100f8696b02e06a014944cd0d8d781,2023-01-01,1208.77,2283.896030630164
d467113b076db4a7a0b9186374c555a60570312f,2023-01-01,318.92,290.29524580347584
d46735a55e1a241b30914f622d24cb7edfd3b2e5,2023-01-01,1939.6299999999999,1767.3761422669136
d47d5cdcc9a0107cd8b9e4108ca72e93ed933aea,2023-01-01,631.5699999999999,1173.7795545203678
d4d6b0e75dff26c5874359e40ec942a9fc3b44d7,2023-01-01,2021.24,3095.916349767468
d554051c1913aae51c88b64d841cf922a5f44844,2023-01-01,945.12,1556.4046445463762
d56fc86801dca55e749ed9ad01c71c247958889f,2023-01-01,335.83,396.27074076181856
d58b33bcc9b51404dfd1f03595a43d6b020345f7,2023-01-01,1706.01,1020.2128335342908
d5ef307a89fc28160c77c08bb2ee23de60d298cb,2023-01-01,1674.46,1869.7703986340152
d60cf40881582da127005dc0163667c3703e8dd9,2023-01-01,1272.07,1147.8652065514693
d6ac3fa6bf4c71c236c0ec3b9aba16f9761b23ef,2023-01-01,1261.64,1801.378633894476
d6f65740c1d71f01a2f759b597c53c00cf861d94,2023-01-01,772.81,384.5114351532349
d7173931bc0ccb88d79c83e4ddb3b2df0cc04303,2023-01-01,855.43,823.2085096459247
d770a39bda088166cc9a88a2669058cf74fd24ad,2023-01-01,1566.09,1615.9950009353145
d79301179afb21ee244e4dd1dd539564fd65b42d,2023-01-01,621.09,768.987699883671
d7d1c3899f068c50c4cf36d1d5471ae4be3b8fcf,2023-01-01,892.94,1136.8225176502972
d7edb13c7e0f41d5e00b7b2dcd5e8ed2f61a3458,2023-01-01,900.8199999999999,1506.1754147864026
d8173fa7c5f1f02fd0fc5aa06fa266a645717a5f,2023-01-01,3316.4,2647.2799316705086
d8958c04f39e2444596b7030923f81f5ce1ab94f,2023-01-01,784.09,609.8736857582483
d9078209fb08265bb5b96b5dd4a6cfb59f5e582d,2023-01-01,276.6,1582.5968121469907
d9113ba8caf59adacd5bdb1e45ae11ed97673366,2023-01-01,1230.87,1387.3064737936256
d933e0b414034f16723090f187c24f8a73a3d875,2023-01-01,864.35,901.2325619098924
d95a0d3919be01bf23da102cb95c3eed47a3435e,2023-01-01,436.4,398.0813383839737
d9ed6972e201ef7a6d3b77326eaae9086ff6953d,2023-01-01,3032.71,4077.524461861289
d9f21ad401c5b477060ba35bc2e701b5a147f25f,2023-01-01,2354.87,2884.1790595402354
da4b8eefb274dfb51a74c0f8cf74cd4d784698d3,2023-01-01,671.09,697.9161468192173
da878dc8b27e5061168370a78368a2ed1f6cd1ca,2023-01-01,457.43,474.7437826348952
dac3218b86da72c5c6c5e05d0f1fa49bb5a7c4ab,2023-01-01,1359.88,641.4455929077916
dacc0ac145f2a5bd2a0863364d7d1b3a1457aaf8,2023-01-01,1037.3,1281.3230686558718
daf24442dd672100282d0b3995a637cf5e7b7960,2023-01-01,807.98,1322.2905037591822
daf55004b8203e90d187cecef5a65a71c0723057,2023-01-01,362.56,429.37102922383815
db5a47a02777ef14f57d7ce5d322e6ec32e77115,2023-01-01,2268.32,2279.7226698578693
dbc73a6427bba7254c79c73ec1b1e31f419c6204,2023-01-01,1129.91,1003.5787240800728
dbcaed844c0ab48e60726de430ee7323dcfbaab3,2023-01-01,2248.7599999999998,2174.2719681551134
dc7685e74f614b20b1a9738b5a8fb091c7c0854e,2023-01-01,821.64,862.7142445772042
dc7afe77d9bc6a88693994be1c07797400b57203,2023-01-01,680.59,899.100208879693
dc7deeed7f0ee843df681db92043894bb1adfe81,2023-01-01,636.25,718.251315183226
dcc173cd2a1defd73be86c89ad048aa8c06f9085,2023-01-01,114.59,299.9613555737932
dd1e0ad3390a10b504b7aedf4c8a461fd00efa48,2023-01-01,1350.63,1068.0823654557794
dd368088ed7f37b40f51156847449a0ed03f8e06,2023-01-01,328.41,273.7338289567527
de3f4a335d5bd366fa2dde898cfb9a4480141b35,2023-01-01,601.99,602.805145745754
de660ad30a157585a63d8e96035a0f01b365be95,2023-01-01,643.47,150.77615005756732
deb2832f62fb349bbdf8dcaadc142e5b2f52affb,2023-01-01,1589.8799999999999,1214.117919258677
dec15d9131c76ced8aec4e119dc5cc633814a9b7,2023-01-01,1617.6599999999999,1158.9991190406577
e02d8303a1b6544b26c2abe9dba9f0d17f3f4fb9,2023-01-01,1069.04,843.2857900942541
e094e0fdbc30c2c0a58b1154ccc92d8d9f63d7e8,2023-01-01,282.15999999999997,241.2410490582022
e124107d427c7e1008a4801058040e2d220b48c5,2023-01-01,1850.26,1841.5683671167044
e13ed7c925c1f39110b80c94afadda887a709552,2023-01-01,487.74,469.6681295705583
e14d88b8be5caa1af8ec5cf107335b28e2f7977b,2023-01-01,1753.37,2534.1746572281236
e156442518b47d75117838873fdda3a13a22b775,2023-01-01,622.53,492.8589696136343
e18a0f4ba29d87832a895daaa1e21b7c5d3fdca1,2023-01-01,1248.18,1923.6445624514702
e1a5da3a5b01aa49bf60ea885a088885dc3f046e,2023-01-01,1145.26,1415.0085166155525
e1c58f430adc268b5893a4850cae1b94bf8761fa,2023-01-01,1711.44,1929.0625802355933
e2057a5f00e2dcef6f0cf6be4e684736bdb77233,2023-01-01,1209.15,1015.5320276783991
e24a41398227a09665ddb8c373f9d83ba786c34d,2023-01-01,1129.96,1269.8123691476935
e29b5b59b21766909c3cb6c60d62b1aa2459cd2f,2023-01-01,2504.5,3336.4060811989348
e2af698cf9d7653f46566dba4fe3e448d302b6fa,2023-01-01,1146.46,957.3008147196501
e2cafbb1ddd2f71901ab0728505beb88af99e8e9,2023-01-01,1069.01,929.3247992637935
e2d5081beeee6b04588534bf47bbc64c4df97d46,2023-01-01,833.8100000000001,660.0516804160329
e2efaff915fdf2c4b81fc2930cb3adcd5b25fb06,2023-01-01,712.88,513.5265939660078
e300be1e9145c31ef23005d864aad37b9e490e7e,2023-01-01,413.81,694.310955983581
e32578997d995c498a71f7cac5003a373bc77d01,2023-01-01,861.1800000000001,730.310775690479
e32af034b3e3736a180a280acc02259817ab9ec3,2023-01-01,376.2,337.5169061846087
e33dd5843e1cd1c3972ab90a65dc81848775bb53,2023-01-01,752.17,416.57539576762645
e3839928a455dbf3b6073ec44f8bbe263d4f2f7f,2023-01-01,392.25,445.9679297131884
e3867801a20de8518b7ba249c3fa9146180968f6,2023-01-01,743.34,1111.674799278303
e3d5ca5bff88434711edb6aacf266beedc44e69e,2023-01-01,757.8299999999999,932.0388299280095
e4155edfc18912f80557ee209d320bf57bca079d,2023-01-01,276.53000000000003,16.369177226835745
e485a17e4902e9cb26ccae0748a2a135cf00af0d,2023-01-01,463.75,635.1859604014132
e4b79427a66091cfb1464c7b771b9ff325d3f3cf,2023-01-01,3254.0,4074.8650526072306
e5013ed79b834f2d13dfa702abf3572720237a37,2023-01-01,3096.96,4062.672885722217
e52c709c7147ad2c5fae1049f2d8ccfffdcab197,2023-01-01,693.9599999999999,465.9646067415839
e53b46bd85606eac57265c33833c7e88f6bc574e,2023-01-01,823.0500000000001,615.516633340224
e55dd486d8eecc63e02d68fa2e9cd8d8ecd73bcc,2023-01-01,1428.07,1812.7371438386836
e5679bed230e06d16783ef7fa587a00a0d729451,2023-01-01,2900.66,2489.130370212543
e5a678ee5880690ad4fc31a355a37b451de9d6fd,2023-01-01,2882.42,3866.9961456464284
e5ad37405ba40bf5761c9b0e9b5fabfceb84c14e,2023-01-01,568.91,645.4427377151519
e5fe4afa9f64bab77fc22542854c2f62884eff2d,2023-01-01,1358.96,1228.7674353462153
e63814291585a4798285e1a56ca1c5922cb40809,2023-01-01,915.67,1665.7277343424255
e65c8a934928117a59fec231cb8ec2fdf8c67100,2023-01-01,146.9,146.25385930267007
e6e3eb2708ad54876105584985dad63d24c38190,2023-01-01,2157.36,2352.9880347953103
e75af7d0c540d213255c9a4b946816720eea17ad,2023-01-01,704.83,414.3518471184841
e7a86bf5f62bcac9ca4c7003175e5366d759b284,2023-01-01,943.26,627.0753668314816
e7d1cadd6c82b310fb890922b7d12fc422680443,2023-01-01,2282.82,3540.7594761783057
e7dc1e812ff5f7d312d869c5c6938bc6149fa8a2,2023-01-01,578.1800000000001,933.5083743360113
e7dd27b82568166b7aa92931f04b21b0da0fc213,2023-01-01,302.65,494.34173794556375
e8b5308b32e24f3333d5180ba0d090cd12591783,2023-01-01,2209.5,1621.2760090067964
e8b58fde03231626a2170b79998d75e8d5a0172f,2023-01-01,736.94,1011.1729742426597
e8c967b402ded20e49f0d14246acc34438f52af7,2023-01-01,504.14,469.171913985548
e96f434db883f00393a0b09c7f65058893204da2,2023-01-01,1348.44,1033.3885350161038
e9809ebe63d968407997d3da91f702cc06e3f058,2023-01-01,802.83,480.83142900528844
e9d78b880174480f0603505d910a9e194aeec55e,2023-01-01,1343.66,1377.1436029146273
e9dc184102fa9fd8af2c4166a8e12930bbc9ef54,2023-01-01,162.43,172.15544974678062
ea055750fc787d8638fa1494cba27d469250f888,2023-01-01,1311.03,1850.6941663516395
ea3a608bb9d2a9bcc625d0da1d93a547d2460d81,2023-01-01,5516.84,4198.380012662814
eb5e5e38953fc2c50f2ad8238bbe27293f42e22d,2023-01-01,5012.74,6156.9606355383685
eb86ccb9bfaca3ba1b3b7dd1e0f1053ca00df348,2023-01-01,166.32999999999998,242.94063516502845
eb93e75516d918283b0435af21ddb59fdaea088c,2023-01-01,1119.94,1178.5140177185867
ebaff10906d7c475426d03ee515dcc81327c339d,2023-01-01,748.9300000000001,885.6575389114737
ec4dbc9002f3f1153e1f7ccc662cb4722887452f,2023-01-01,664.64,737.4948100444573
ec6925a3e60fbf01a2f92187a63490f259cb6b60,2023-01-01,840.59,917.8244356011606
ec7cd19f9ac6c7da8cc572f90140479a5e34cc18,2023-01-01,718.28,581.5308451920868
eca6242c1a169578624cfc2e84c3f52392e33db5,2023-01-01,2894.42,2071.4971387127653
ecfcc91d200e5dd496bd7bba2c18a7be382a3e9c,2023-01-01,2622.95,2647.556045131253
ed00f4cce1a9a62a9f711199c7e49470057584bf,2023-01-01,767.4399999999999,836.4583589629599
ed2b8ed2be33e153a7696cca64b430365b4446a1,2023-01-01,307.38,214.60893564815683
ed4dd39f391e02541354237644471f86f80c5665,2023-01-01,1024.0,809.98461297686
edec886beac45e4c8a0389f69eecaf1c3482d5bf,2023-01-01,1183.68,1113.027507940413
ee29bd414d34c56536651b09d4780ca20057e772,2023-01-01,821.28,7361.572836617239
ee347b1bded86c9f06268ba899a4c63a00f89845,2023-01-01,1116.6200000000001,1412.7824324190058
ee404cd1a592dd1ea2ecc9680f1dd7b52425dba8,2023-01-01,1008.48,1182.527081826094
ee8e7ab3e1ef697209bff6f5a8ddd0e35d16520f,2023-01-01,632.29,171.77691256052734
ef1bad5231e94c562cb6529d6b5e4fefe0f4c280,2023-01-01,2176.36,2315.3045654607718
ef2d3b77353cf979c0776c355f7facb0f5447d42,2023-01-01,730.7,747.300505277259
ef527d38ee4bf25f10ec7ff6832287ebeba139ec,2023-01-01,989.07,1107.7632914937462
ef8a758ca3013cd95db48e67ee880e9340d1d6bb,2023-01-01,1335.21,1084.334426226506
ef9eab66c50a9631b142e6397d9e50bad4b20ec3,2023-01-01,1423.04,2004.1963863590054
f04b7097ffc7a493b7cbee320077e820c3c4dfd0,2023-01-01,771.87,598.5859262018274
f054e14506e3b3f78a6dfd173dbc17e63b628146,2023-01-01,547.78,774.0204267976477
f07523d86ebab33f3a0f1b6396e1a0a6b0a8037d,2023-01-01,342.83,381.0315996278046
f07af2a08cbfb710f5c4b99b8027140aa5283c73,2023-01-01,1405.0,1526.5815046298546
f0a7b9579d455a71863bb71a55390f7927534808,2023-01-01,1579.2600000000002,1267.7826100944492
f0b3d4b429d76883019429ddc705849dd52e7989,2023-01-01,1498.0900000000001,1394.5767425213755
f1209ce4c621bff64af5dd695ba00834a8728fb2,2023-01-01,1775.9,1312.306840235509
f14b26554e27abbb873b1acda20caa4796ded192,2023-01-01,1614.43,1307.6528842042057
f196cfe9cf77f36ace70534df17f08751c3da9e4,2023-01-01,429.42,620.8775363307028
f235f46f46af9e68da838296934e54a75753db39,2023-01-01,592.49,878.3422432799812
f2c66c4579432348e6afd036fa0ba7a939d4bf84,2023-01-01,1107.32,1306.7350113746745
f36db2694f9bd6d0557c74210b0f9740d11ef472,2023-01-01,297.62,1080.4529388427522
f37e0ab4a7baade0d75ac48b2ec375ced9349f8e,2023-01-01,3792.77,7511.114170856439
f39b1b650f61b74be55bc74529b5445545a76e0f,2023-01-01,1640.73,677.0338958840109
f4388ba025e29777a8c45dd9e7c3983e681c7feb,2023-01-01,683.91,594.9219672083367
f47cf7b33ee50327ed43f557505d0b28aee5a62e,2023-01-01,237.34,369.6464151462169
f52017374a51b788a004722737d80800a1c2c7d0,2023-01-01,706.26,857.1667769071288
f593cbf4a6ffc532cdbdf9a316879105770a364a,2023-01-01,868.0699999999999,823.4802314898868
f5f90a3c3c1f0cf85782cf5acc300bbf07073aff,2023-01-01,417.52000000000004,616.7560085560639
f6161a188ad5af65abf91a6330acfb8dacda6dd8,2023-01-01,1796.52,3312.9438915831483
f6513033c14b49d70f2002e7701c8ca9a6b09410,2023-01-01,762.88,577.5550792981675
f688c362e523c607788c63b25c46e84d347b3833,2023-01-01,708.8,797.3428567409237
f6a1eae0932229c7e15d645b86981926968fac00,2023-01-01,1501.08,1559.7635175579042
f6cd565e050985d05d8b54f273ed255b9770843d,2023-01-01,414.93,329.8735119408048
f6d3f859ffd9ce50b28578db7b3452e109c82a4f,2023-01-01,735.75,864.3299044959203
f827b1b18787c476a5c5c5bd3653aa2eef3cf9c1,2023-01-01,142.89000000000001,471.0332906887128
f82d9570b2c555400f6f442f8ea66430d57296e4,2023-01-01,329.19,371.49282249687445
f87733f545a5ad852cdc4df9713715c76bfd7503,2023-01-01,1691.32,1241.7037260445488
f8d2a87baa764619829857afb3330682c2ce49fb,2023-01-01,545.63,682.9347691137953
f8f687e627e304d533d9eeff8a98dcc071f14c28,2023-01-01,2037.45,2080.778495446989
f91ee01bbeef53daf4877dcbc0f167f192bc51db,2023-01-01,957.3,1060.4760086179303
f9674cccab9da1fac99c0cfd46da9029be31ea64,2023-01-01,1755.89,2270.1897585693805
f9690cbd8da49a660af7bf16b703e895f65bce7e,2023-01-01,509.78000000000003,363.7316751076325
f97f2b2a6fd7bfc104e6e18468f87f9af4527efc,2023-01-01,935.41,1412.590738002357
f9d71337174bd26b4d4e3da8ca9b2127df6d7c4b,2023-01-01,910.63,530.6094352018746
f9dfa4b57f3fbefe0a932ae8a4e5c56eaf4e8705,2023-01-01,919.3900000000001,758.9511150837917
fa0eb9b3f1a475ba1765e20cdb9f9b5bce6ab38c,2023-01-01,707.1899999999999,485.8838647261901
fa31f13707cdc920488dfa3c400ce9ad753795ba,2023-01-01,238.02,870.6835315457607
fa3818a5aa44edd9629ee46c83ca3e106a977d7c,2023-01-01,395.96,446.0938520329458
fa398d73d7a669f04865e987c33c5e8372a9248c,2023-01-01,7897.53,7597.049820713573
fa694d3ccb36d1fcc4aede6919e91d9b223af224,2023-01-01,1348.23,1038.5709318455183
faaaa72f9531d0e63d814a4341b5a21efa913fed,2023-01-01,2478.6800000000003,1623.0599749418363
fac483e270b86bd3f3d2fc39613aff99831610f3,2023-01-01,559.24,1199.586873588502
fb0d4634bfd8d909cc77360d485f9aa701e05668,2023-01-01,1027.1,720.3384114203566
fb31fbf220277579fa1b9d3404b3c574f033d27f,2023-01-01,400.46,495.7603315087778
fbb2eaba469e53937829fc7ae3be48c183de8698,2023-01-01,502.48,432.04467981260655
fbb894ca96b346b9264f8dafd45ef65bdb686a05,2023-01-01,1030.77,911.0489183178926
fbdf56830d125b36ae146e059616b69744a67111,2023-01-01,3373.89,2870.692503174183
fc02deb85d95900d93cc79255135f4fb71e33d93,2023-01-01,568.55,294.42040420925116
fc775e89845bbe5f2a5f0fd94ff88f271381e1ae,2023-01-01,399.46,275.6023192809827
fd05c2e362d663a227c97ef595ccc8996c5ab19e,2023-01-01,388.59,654.022796028547
fd13b8c105c07a6c1a716727ecc73cf0f3cf1950,2023-01-01,1115.56,936.5543208062481
fd6cd385f6f3f8337361f399f4ed967da18030c9,2023-01-01,1237.73,1930.6202151727887
fd882b966a126fa90f9af3d7be697c3e9e2d812b,2023-01-01,890.38,716.5417646388037
fdf02d0a51b8680e60bdb3aec28553729f2d4145,2023-01-01,102.18,197.85193302067503
fe25435085da4e8b314592f5aab3655699ea1894,2023-01-01,1975.29,1552.0670238400285
fe29a4b444e0c24c7efb5c4c5209e25e08893716,2023-01-01,866.41,664.556873512556
fe9415c62193f2d430a0340c31064ec512b27c8c,2023-01-01,1731.05,1266.1648147857804
ff67da037fae796809be0e36fb9cdd0e191c38a4,2023-01-01,1244.49,1262.8348052678741
